
> lms-api@1.0.0 start
> node server.js


🚀 Server is running on port 5111
🔗 http://localhost:5111
🔌 Socket.IO initialized for real-time support
✅ Database connection established successfully
📧 Event reminder scheduler started
📅 Scheduled to run: 0 9 * * * (America/New_York)
⏰ Next execution: 20/1/2026, 9:00:00 am
📊 Active connections: 0 users, 0 sockets
📊 Active connections: 0 users, 0 sockets
📊 Active connections: 0 users, 0 sockets
📊 Active connections: 0 users, 0 sockets
📊 Active connections: 0 users, 0 sockets
📊 Active connections: 0 users, 0 sockets
addLesson called with courseId: 58
Single lesson data: {
  title: 'scorm lesson',
  section: 'aaas',
  sectionId: 57,
  lessonType: 'Content-Based',
  contentType: 'scorm',
  lessonDuration: '15 mins',
  description: 'sbnjsbjs',
  skills: [],
  isEditing: false,
  contentUrl: '',
  lessonContentDocument: '',
  videoUpload: '',
  scormPackage: 'BusinessCommunication.zip'
}
Single lesson - Mapped content type: scorm
Single lesson - Document file: null
Single lesson - SCORM file: BusinessCommunication.zip
Single lesson - MP4 file: null
Single lesson - Content URL: null
Full lesson data received: {
  "title": "scorm lesson",
  "section": "aaas",
  "sectionId": 57,
  "lessonType": "Content-Based",
  "contentType": "scorm",
  "lessonDuration": "15 mins",
  "description": "sbnjsbjs",
  "skills": [],
  "isEditing": false,
  "contentUrl": "",
  "lessonContentDocument": "",
  "videoUpload": "",
  "scormPackage": "BusinessCommunication.zip"
}
SQL parameters: [
  'scorm lesson',
  57,
  'Content-Based',
  'scorm',
  null,
  'BusinessCommunication.zip',
  null,
  null,
  '15 mins',
  '58',
  'b4147cae-e2df-4bdb-9651-4569b100fb51',
  'b4147cae-e2df-4bdb-9651-4569b100fb51',
  null
]
Lesson created with ID: 158
Single lesson - Lesson created with ID 158. File uploads will be handled by frontend.
Lesson creation completed for ID: 158
SCORM upload route - Request received
Headers: {
  host: 'localhost:5111',
  connection: 'keep-alive',
  'content-length': '97358652',
  'sec-ch-ua-platform': '"macOS"',
  authorization: 'Bearer eyJhbGciOiJIUzI1NiIsInR5cCI6IkpXVCJ9.eyJ1dWlkIjoiYjQxNDdjYWUtZTJkZi00YmRiLTk2NTEtNDU2OWIxMDBmYjUxIiwiZW1haWwiOiJpbnN0cnVjdG9yQG1pbGVrcmFmdC5jb20iLCJyb2xlX2lkIjoyLCJkcCI6bnVsbCwic2Vzc2lvbl9pZCI6IjUwMzlhYjU3LWVlOTEtNDExMC1iZDNjLWNmMzhkZjZhNDEyYiIsImlhdCI6MTc2ODgxMTY5NiwiZXhwIjoxNzY5NDE2NDk2fQ.CbG0pIO4rp2NhSiPqfWYSuEFdEA3s3juGTM7Q8wCl2E',
  'user-agent': 'Mozilla/5.0 (Macintosh; Intel Mac OS X 10_15_7) AppleWebKit/537.36 (KHTML, like Gecko) Chrome/143.0.0.0 Safari/537.36',
  accept: 'application/json, text/plain, */*',
  'sec-ch-ua': '"Google Chrome";v="143", "Chromium";v="143", "Not A(Brand";v="24"',
  'content-type': 'multipart/form-data; boundary=----WebKitFormBoundaryywV24vRnaJwZfW2i',
  'sec-ch-ua-mobile': '?0',
  origin: 'http://localhost:3002',
  'sec-fetch-site': 'same-site',
  'sec-fetch-mode': 'cors',
  'sec-fetch-dest': 'empty',
  referer: 'http://localhost:3002/',
  'accept-encoding': 'gzip, deflate, br, zstd',
  'accept-language': 'en-US,en;q=0.9,hi;q=0.8'
}
Content-Length: 97358652
Upload file filter - File: BusinessCommunication.zip Size: undefined Type: application/zip
SCORM upload - After multer processing
File received: BusinessCommunication.zip
Body: [Object: null prototype] { lessonId: '158' }
Uploading SCORM for lesson: 158 File: BusinessCommunication.zip
Upload service - Starting SCORM extraction: {
  filename: 'BusinessCommunication.zip',
  size: 97358349,
  directory: '/Volumes/Shweta/LMS Migration/LXP-Enterprise/magnetix-api/uploads/courses/lessons/scorm_packages'
}
Upload service - Creating AdmZip instance
Upload service - Checking zip contents
Upload service - Found 3644 entries in zip
Upload service - Extracting to: /Volumes/Shweta/LMS Migration/LXP-Enterprise/magnetix-api/uploads/courses/lessons/scorm_packages/1768816777858
Skipping macOS metadata: __MACOSX/._BusinessCommunication
Skipping macOS metadata: BusinessCommunication/.DS_Store
Skipping macOS metadata: __MACOSX/BusinessCommunication/._.DS_Store
Skipping macOS metadata: __MACOSX/BusinessCommunication/._story_content
Skipping macOS metadata: __MACOSX/BusinessCommunication/._html5
Skipping macOS metadata: __MACOSX/BusinessCommunication/._lms
Skipping macOS metadata: __MACOSX/BusinessCommunication/._index_lms.html
Skipping macOS metadata: __MACOSX/BusinessCommunication/._adlcp_rootv1p2.xsd
Skipping macOS metadata: __MACOSX/BusinessCommunication/._imsmd_rootv1p2p1.xsd
Skipping macOS metadata: __MACOSX/BusinessCommunication/._meta.xml
Skipping macOS metadata: __MACOSX/BusinessCommunication/._story.html
Skipping macOS metadata: __MACOSX/BusinessCommunication/._imscp_rootv1p1p2.xsd
Skipping macOS metadata: __MACOSX/BusinessCommunication/._mobile
Skipping macOS metadata: __MACOSX/BusinessCommunication/._analytics-frame.html
Skipping macOS metadata: __MACOSX/BusinessCommunication/._ims_xml.xsd
Skipping macOS metadata: __MACOSX/BusinessCommunication/._imsmanifest.xml
Skipping macOS metadata: __MACOSX/BusinessCommunication/story_content/._5uADE9oRVuJ_captions.js
Skipping macOS metadata: __MACOSX/BusinessCommunication/story_content/._67gL9bKgz6Z_captions.js
Skipping macOS metadata: __MACOSX/BusinessCommunication/story_content/._6fqJHLrSCVK_6oWuTqGwm4V.png
Skipping macOS metadata: __MACOSX/BusinessCommunication/story_content/._video_6pXhIod4VGa_48_260x464.hls
Skipping macOS metadata: __MACOSX/BusinessCommunication/story_content/._video_6WIxAxYcsio_48_960x540.hls
Skipping macOS metadata: __MACOSX/BusinessCommunication/story_content/._video_6buXLqzL6ws_48_960x540.hls
Skipping macOS metadata: __MACOSX/BusinessCommunication/story_content/._video_6Se0NdJdeyh_48_1920x1080.hls
Skipping macOS metadata: __MACOSX/BusinessCommunication/story_content/._5iH9mZwQNgc_44100_48_0.mp3
Skipping macOS metadata: __MACOSX/BusinessCommunication/story_content/._6DBXlrMNTbe_44100_48_0.mp3
Skipping macOS metadata: __MACOSX/BusinessCommunication/story_content/._5arJffxmjfn_captions.js
Skipping macOS metadata: __MACOSX/BusinessCommunication/story_content/._5oKGXEHbB1V_captions.js
Skipping macOS metadata: __MACOSX/BusinessCommunication/story_content/._6FrqB7YwJIN_captions.js
Skipping macOS metadata: __MACOSX/BusinessCommunication/story_content/._6hjilWplKD3_44100_48_0.mp3
Skipping macOS metadata: __MACOSX/BusinessCommunication/story_content/._5xu2aADjWDs_captions.js
Skipping macOS metadata: __MACOSX/BusinessCommunication/story_content/._6p651XqOQcA_captions.js
Skipping macOS metadata: __MACOSX/BusinessCommunication/story_content/._6Ui76YT32OH_44100_48_0.mp3
Skipping macOS metadata: __MACOSX/BusinessCommunication/story_content/._5vSNDt4WLrW_captions.js
Skipping macOS metadata: __MACOSX/BusinessCommunication/story_content/._6NADsS4vUJC_44100_48_0.mp3
Skipping macOS metadata: __MACOSX/BusinessCommunication/story_content/._6IfeK1GNuYP_captions.js
Skipping macOS metadata: __MACOSX/BusinessCommunication/story_content/._6mZMCV3V5Q9_captions.js
Skipping macOS metadata: __MACOSX/BusinessCommunication/story_content/._6jJOfBGqNcK_captions.js
Skipping macOS metadata: __MACOSX/BusinessCommunication/story_content/._6Dzg6z1sghq_44100_48_0.mp3
Skipping macOS metadata: __MACOSX/BusinessCommunication/story_content/._6aIud9MAdDe_6Vh6oTjasVd.png
Skipping macOS metadata: __MACOSX/BusinessCommunication/story_content/._61x0aOtJtKS_44100_48_0.mp3
Skipping macOS metadata: __MACOSX/BusinessCommunication/story_content/._6fqJHLrSCVK_6LLJf83aEyJ.png
Skipping macOS metadata: __MACOSX/BusinessCommunication/story_content/._5cKphbfnTDe_captions.js
Skipping macOS metadata: __MACOSX/BusinessCommunication/story_content/._5hsIrvVIA5J_44100_48_0.mp3
Skipping macOS metadata: __MACOSX/BusinessCommunication/story_content/._6aQERCWX2iE_44100_48_0.mp3
Skipping macOS metadata: __MACOSX/BusinessCommunication/story_content/._video_6CqsnbjFuU7_48_290x516.hls
Skipping macOS metadata: __MACOSX/BusinessCommunication/story_content/._video_6QdUM9Yuq7u_48_960x540.hls
Skipping macOS metadata: __MACOSX/BusinessCommunication/story_content/._5eBMOrY54u3_44100_48_0.mp3
Skipping macOS metadata: __MACOSX/BusinessCommunication/story_content/._6aIud9MAdDe_5b2M1wOTz0h.png
Skipping macOS metadata: __MACOSX/BusinessCommunication/story_content/._6PxDbw3xRMN_44100_48_0.mp3
Skipping macOS metadata: __MACOSX/BusinessCommunication/story_content/._video_6CqsnbjFuU7_48_256x456.hls
Skipping macOS metadata: __MACOSX/BusinessCommunication/story_content/._5dDfZlElAAR_captions.js
Skipping macOS metadata: __MACOSX/BusinessCommunication/story_content/._6MlwGYZ0gJo_captions.js
Skipping macOS metadata: __MACOSX/BusinessCommunication/story_content/._6CuQFT7imCv_captions.js
Skipping macOS metadata: __MACOSX/BusinessCommunication/story_content/._6OKpW9wuRg9_captions.js
Skipping macOS metadata: __MACOSX/BusinessCommunication/story_content/._6PyhHkZTVhS_44100_48_0.mp3
Skipping macOS metadata: __MACOSX/BusinessCommunication/story_content/._video_5qAwEjJY1Jw_48_960x540.hls
Skipping macOS metadata: __MACOSX/BusinessCommunication/story_content/._video_6f3JrOa8xta_48_462x260.hls
Skipping macOS metadata: __MACOSX/BusinessCommunication/story_content/._video_5n84S0REjFi_48_960x540.hls
Skipping macOS metadata: __MACOSX/BusinessCommunication/story_content/._6ADnKRe2JFd_44100_48_0.mp3
Skipping macOS metadata: __MACOSX/BusinessCommunication/story_content/._5a9yddrdfuS_44100_48_0.mp3
Skipping macOS metadata: __MACOSX/BusinessCommunication/story_content/._video_63s3HZH7GCo_48_960x540.hls
Skipping macOS metadata: __MACOSX/BusinessCommunication/story_content/._68LyjE4FiIi_captions.js
Skipping macOS metadata: __MACOSX/BusinessCommunication/story_content/._5VQtgFcK31F_captions.js
Skipping macOS metadata: __MACOSX/BusinessCommunication/story_content/._video_61vKP6TPebP_48_960x540.hls
Skipping macOS metadata: __MACOSX/BusinessCommunication/story_content/._6THGCClvJfA_captions.js
Skipping macOS metadata: __MACOSX/BusinessCommunication/story_content/._6glUetgFolF_captions.js
Skipping macOS metadata: __MACOSX/BusinessCommunication/story_content/._6exXcNFCjqr_44100_48_0.mp3
Skipping macOS metadata: __MACOSX/BusinessCommunication/story_content/._user.js
Skipping macOS metadata: __MACOSX/BusinessCommunication/story_content/._6Jg0rAjF5d9_captions.js
Skipping macOS metadata: __MACOSX/BusinessCommunication/story_content/._5ghcZAZcwW6_captions.js
Skipping macOS metadata: __MACOSX/BusinessCommunication/story_content/._64J3ZaMataV_captions.js
Skipping macOS metadata: __MACOSX/BusinessCommunication/story_content/._6fqJHLrSCVK_6PBpgGOBoCU.png
Skipping macOS metadata: __MACOSX/BusinessCommunication/story_content/._video_5zN2ctzsYIY_48_1920x1080.hls
Skipping macOS metadata: __MACOSX/BusinessCommunication/story_content/._5qc5Uojkp08_captions.js
Skipping macOS metadata: __MACOSX/BusinessCommunication/story_content/._6jSsLwgd46G_captions.js
Skipping macOS metadata: __MACOSX/BusinessCommunication/story_content/._video_63wzH4o2kwG_48_960x540.hls
Skipping macOS metadata: __MACOSX/BusinessCommunication/story_content/._5xs986wSW8a_captions.js
Skipping macOS metadata: __MACOSX/BusinessCommunication/story_content/._6BSk3faUOyv_44100_48_0.mp3
Skipping macOS metadata: __MACOSX/BusinessCommunication/story_content/._video_62iqkLuXStu_48_1920x1080.hls
Skipping macOS metadata: __MACOSX/BusinessCommunication/story_content/._video_6OWsh8FB5ns_48_960x540.hls
Skipping macOS metadata: __MACOSX/BusinessCommunication/story_content/._6lWnGSe7tvm_captions.js
Skipping macOS metadata: __MACOSX/BusinessCommunication/story_content/._6O8EGmmzqvf_captions.js
Skipping macOS metadata: __MACOSX/BusinessCommunication/story_content/._6aIud9MAdDe_6J4RWQGWhFW.png
Skipping macOS metadata: __MACOSX/BusinessCommunication/story_content/._6GIicEaiDPQ_44100_48_0.mp3
Skipping macOS metadata: __MACOSX/BusinessCommunication/story_content/._67TlyXf0Np1_captions.js
Skipping macOS metadata: __MACOSX/BusinessCommunication/story_content/._6BiJSYrMy7O_captions.js
Skipping macOS metadata: __MACOSX/BusinessCommunication/story_content/._6CWsIsQZw6L_44100_48_0.mp3
Skipping macOS metadata: __MACOSX/BusinessCommunication/story_content/._5q3gXDu07eH_44100_48_0.mp3
Skipping macOS metadata: __MACOSX/BusinessCommunication/story_content/._66zGGinsaBH_captions.js
Skipping macOS metadata: __MACOSX/BusinessCommunication/story_content/._5WG3fAsHopa_44100_48_0.mp3
Skipping macOS metadata: __MACOSX/BusinessCommunication/story_content/._6aBiQObjZdS_44100_48_0.mp3
Skipping macOS metadata: __MACOSX/BusinessCommunication/story_content/._triggers.js
Skipping macOS metadata: __MACOSX/BusinessCommunication/story_content/._6EDBzgrMYfS_captions.js
Skipping macOS metadata: __MACOSX/BusinessCommunication/story_content/._6aIud9MAdDe_5l7x4PENKpP.png
Skipping macOS metadata: __MACOSX/BusinessCommunication/story_content/._5wEib5sHvta_44100_48_0.mp3
Skipping macOS metadata: __MACOSX/BusinessCommunication/story_content/._6V2DY2aGlMx_captions.js
Skipping macOS metadata: __MACOSX/BusinessCommunication/story_content/._5qoVKyWS747_44100_48_0.mp3
Skipping macOS metadata: __MACOSX/BusinessCommunication/story_content/._6U5t69GypFc_44100_48_0.mp3
Skipping macOS metadata: __MACOSX/BusinessCommunication/story_content/._video_6CqsnbjFuU7_48_296x526.hls
Skipping macOS metadata: __MACOSX/BusinessCommunication/story_content/._video_6VPGFWHITxc_48_960x540.hls
Skipping macOS metadata: __MACOSX/BusinessCommunication/story_content/._65uVtOJQrLS_44100_48_0.mp3
Skipping macOS metadata: __MACOSX/BusinessCommunication/story_content/._6OGsW0Hc2Qa_captions.js
Skipping macOS metadata: __MACOSX/BusinessCommunication/story_content/._6nJT0WOfY7a_44100_48_0.mp3
Skipping macOS metadata: __MACOSX/BusinessCommunication/story_content/._6hlaqyX7yPd_44100_48_0.mp3
Skipping macOS metadata: __MACOSX/BusinessCommunication/story_content/._5g70xRg1UZf_44100_48_0.mp3
Skipping macOS metadata: __MACOSX/BusinessCommunication/story_content/._video_69qDxl1VB3s_48_960x540.hls
Skipping macOS metadata: __MACOSX/BusinessCommunication/story_content/._5i062ODRbP6_captions.js
Skipping macOS metadata: __MACOSX/BusinessCommunication/story_content/._video_6CqsnbjFuU7_48_304x540.hls
Skipping macOS metadata: __MACOSX/BusinessCommunication/story_content/._video_5yhuZLUIDzr_48_960x540.hls
Skipping macOS metadata: __MACOSX/BusinessCommunication/story_content/._65xLNbWU1tw_captions.js
Skipping macOS metadata: __MACOSX/BusinessCommunication/story_content/._5ynNeKbDWWR_captions.js
Skipping macOS metadata: __MACOSX/BusinessCommunication/story_content/._6ElRXdXMQPx_44100_48_0.mp3
Skipping macOS metadata: __MACOSX/BusinessCommunication/story_content/._6fu7yMd2fQs_captions.js
Skipping macOS metadata: __MACOSX/BusinessCommunication/story_content/._6p17G0mcgaq_44100_48_0.mp3
Skipping macOS metadata: __MACOSX/BusinessCommunication/story_content/._63Zt0TRo2mF_captions.js
Skipping macOS metadata: __MACOSX/BusinessCommunication/story_content/._5aZ447wtHSB_captions.js
Skipping macOS metadata: __MACOSX/BusinessCommunication/story_content/._6g8DfOgdVmk_captions.js
Skipping macOS metadata: __MACOSX/BusinessCommunication/story_content/._6llM0TWLhc5_captions.js
Skipping macOS metadata: __MACOSX/BusinessCommunication/story_content/._video_61c1PS1vJE2_48_960x540.hls
Skipping macOS metadata: __MACOSX/BusinessCommunication/story_content/._6iT7M83Hlfw_captions.js
Skipping macOS metadata: __MACOSX/BusinessCommunication/story_content/._5xbZmya42aq_44100_48_0.mp3
Skipping macOS metadata: __MACOSX/BusinessCommunication/story_content/._video_6P9ZzMg99aq_48_370x324.hls
Skipping macOS metadata: __MACOSX/BusinessCommunication/story_content/._5XRxySteV9F_44100_48_0.mp3
Skipping macOS metadata: __MACOSX/BusinessCommunication/story_content/._video_6T7HDwCLEMV_48_1920x1080.hls
Skipping macOS metadata: __MACOSX/BusinessCommunication/story_content/._6aIud9MAdDe_6bW24iulIul.png
Skipping macOS metadata: __MACOSX/BusinessCommunication/story_content/._video_6p2cQpwcuaE_48_1920x1080.hls
Skipping macOS metadata: __MACOSX/BusinessCommunication/story_content/._6YpHX1uDe9L_captions.js
Skipping macOS metadata: __MACOSX/BusinessCommunication/story_content/._6dgeAQUXK6i_44100_48_0.mp3
Skipping macOS metadata: __MACOSX/BusinessCommunication/story_content/._6VjEJp0wzRw_captions.js
Skipping macOS metadata: __MACOSX/BusinessCommunication/story_content/._5wtY78TtuGw_44100_48_0.mp3
Skipping macOS metadata: __MACOSX/BusinessCommunication/story_content/._5mg7ROmBFLa_44100_48_0.mp3
Skipping macOS metadata: __MACOSX/BusinessCommunication/story_content/._6OxJZRRely5_captions.js
Skipping macOS metadata: __MACOSX/BusinessCommunication/story_content/._6aIud9MAdDe_6hwBTxmy4kp.png
Skipping macOS metadata: __MACOSX/BusinessCommunication/story_content/._video_5k4nGod5oll_48_1920x1080.hls
Skipping macOS metadata: __MACOSX/BusinessCommunication/story_content/._61jSLFalQaq_captions.js
Skipping macOS metadata: __MACOSX/BusinessCommunication/story_content/._video_68dyd42hBhv_48_1920x1080.hls
Skipping macOS metadata: __MACOSX/BusinessCommunication/story_content/._6fqJHLrSCVK_6CrYKsCou6n.png
Skipping macOS metadata: __MACOSX/BusinessCommunication/story_content/._thumbnail.jpg
Skipping macOS metadata: __MACOSX/BusinessCommunication/story_content/._6UIlOmxwqdc_44100_48_0.mp3
Skipping macOS metadata: __MACOSX/BusinessCommunication/story_content/._6F4AKBV6gxt_captions.js
Skipping macOS metadata: __MACOSX/BusinessCommunication/story_content/._5imhLjmNZfg_6k4SjWc5zOD.png
Skipping macOS metadata: __MACOSX/BusinessCommunication/story_content/._video_6mTnro42P1v_48_960x540.hls
Skipping macOS metadata: __MACOSX/BusinessCommunication/story_content/._6KjbrJI81Ff_44100_48_0.mp3
Skipping macOS metadata: __MACOSX/BusinessCommunication/story_content/._6TftlRZYGKC_44100_48_0.mp3
Skipping macOS metadata: __MACOSX/BusinessCommunication/story_content/._5k8eF5WYCPU_captions.js
Skipping macOS metadata: __MACOSX/BusinessCommunication/story_content/._5WNgAhmh8Xi_44100_48_0.mp3
Skipping macOS metadata: __MACOSX/BusinessCommunication/story_content/._6TgFzqkD8Rx_captions.js
Skipping macOS metadata: __MACOSX/BusinessCommunication/story_content/._5bt8scS1bp1_captions.js
Skipping macOS metadata: __MACOSX/BusinessCommunication/story_content/._6KfV1FiZ8us_44100_48_0.mp3
Skipping macOS metadata: __MACOSX/BusinessCommunication/story_content/._658txD8KHRv_44100_48_0.mp3
Skipping macOS metadata: __MACOSX/BusinessCommunication/story_content/._5u1BhLuh5lD_captions.js
Skipping macOS metadata: __MACOSX/BusinessCommunication/story_content/._video_6ZOWZblASyY_48_960x540.hls
Skipping macOS metadata: __MACOSX/BusinessCommunication/story_content/._video_5dwFu9nTF3t_48_1920x1080.hls
Skipping macOS metadata: __MACOSX/BusinessCommunication/story_content/._6GnclkrdR5l_44100_48_0.mp3
Skipping macOS metadata: __MACOSX/BusinessCommunication/story_content/._6fqJHLrSCVK_5el0akABguk.png
Skipping macOS metadata: __MACOSX/BusinessCommunication/story_content/._5o3M3JlIRIx_captions.js
Skipping macOS metadata: __MACOSX/BusinessCommunication/story_content/._5i9w1BxzdcW_44100_48_0.mp3
Skipping macOS metadata: __MACOSX/BusinessCommunication/story_content/._6ox1lBj8pGD_captions.js
Skipping macOS metadata: __MACOSX/BusinessCommunication/story_content/._5uevAtIseuq_44100_48_0.mp3
Skipping macOS metadata: __MACOSX/BusinessCommunication/story_content/._6Rw87KWWT6l_44100_48_0.mp3
Skipping macOS metadata: __MACOSX/BusinessCommunication/story_content/._video_5pDAmKDIYJF_48_960x540.hls
Skipping macOS metadata: __MACOSX/BusinessCommunication/story_content/._633amc6Qyhm_captions.js
Skipping macOS metadata: __MACOSX/BusinessCommunication/story_content/._video_6M5GbaRZAUr_48_960x540.hls
Skipping macOS metadata: __MACOSX/BusinessCommunication/story_content/._6JIk11v3nsj.js
Skipping macOS metadata: __MACOSX/BusinessCommunication/story_content/._5npBwZ5CcFR_44100_48_0.mp3
Skipping macOS metadata: __MACOSX/BusinessCommunication/story_content/._video_6eZnyGbsPkg_48_960x540.hls
Skipping macOS metadata: __MACOSX/BusinessCommunication/story_content/._video_5ocOhGQatO5_48_960x540.hls
Skipping macOS metadata: __MACOSX/BusinessCommunication/story_content/._5kZALeUes4z_44100_48_0.mp3
Skipping macOS metadata: __MACOSX/BusinessCommunication/story_content/._video_6HlARAcl0JK_48_1920x1080.hls
Skipping macOS metadata: __MACOSX/BusinessCommunication/story_content/._6LVWis736x9_44100_48_0.mp3
Skipping macOS metadata: __MACOSX/BusinessCommunication/story_content/._video_63SaNyYe11n_48_1920x1080.hls
Skipping macOS metadata: __MACOSX/BusinessCommunication/story_content/._5cxQOsELLba_captions.js
Skipping macOS metadata: __MACOSX/BusinessCommunication/story_content/._video_5wUp7AcmyBj_48_960x540.hls
Skipping macOS metadata: __MACOSX/BusinessCommunication/story_content/._5lRWtmUip53_44100_48_0.mp3
Skipping macOS metadata: __MACOSX/BusinessCommunication/story_content/._5qTxPY7E9fF_44100_48_0.mp3
Skipping macOS metadata: __MACOSX/BusinessCommunication/story_content/._6W3fsxctfu2_44100_48_0.mp3
Skipping macOS metadata: __MACOSX/BusinessCommunication/story_content/._video_5hRJTR5pRCG_48_960x540.hls
Skipping macOS metadata: __MACOSX/BusinessCommunication/story_content/._68z2w50ZAGj_44100_48_0.mp3
Skipping macOS metadata: __MACOSX/BusinessCommunication/story_content/._6UatJp9Y3zj_44100_48_0.mp3
Skipping macOS metadata: __MACOSX/BusinessCommunication/story_content/._6aIud9MAdDe_6cvbJXRwXqz.png
Skipping macOS metadata: BusinessCommunication/html5/.DS_Store
Skipping macOS metadata: __MACOSX/BusinessCommunication/html5/._.DS_Store
Skipping macOS metadata: __MACOSX/BusinessCommunication/html5/._lib
Skipping macOS metadata: __MACOSX/BusinessCommunication/html5/._data
Skipping macOS metadata: __MACOSX/BusinessCommunication/lms/._browsersniff.js
Skipping macOS metadata: __MACOSX/BusinessCommunication/lms/._scormdriver.js
Skipping macOS metadata: __MACOSX/BusinessCommunication/lms/._goodbye.html
Skipping macOS metadata: __MACOSX/BusinessCommunication/lms/._blank.html
Skipping macOS metadata: __MACOSX/BusinessCommunication/lms/._AICCComm.html
Skipping macOS metadata: __MACOSX/BusinessCommunication/mobile/._poster_69TcuT9mcvI_main.jpg
Skipping macOS metadata: __MACOSX/BusinessCommunication/mobile/._Shape5wkmUuJokDJ.png
Skipping macOS metadata: __MACOSX/BusinessCommunication/mobile/._poster_6qxbOiNjC1c_main.jpg
Skipping macOS metadata: __MACOSX/BusinessCommunication/mobile/._6LZ7BPwYuBC.png
Skipping macOS metadata: __MACOSX/BusinessCommunication/mobile/._poster_6XFPmWaEXoi_main.jpg
Skipping macOS metadata: __MACOSX/BusinessCommunication/mobile/._6f8fyZmzIjb.png
Skipping macOS metadata: __MACOSX/BusinessCommunication/mobile/._5XZNX3hHX4t.png
Skipping macOS metadata: __MACOSX/BusinessCommunication/mobile/._poster_5iTvtINDTC5_main.jpg
Skipping macOS metadata: __MACOSX/BusinessCommunication/mobile/._poster_6lhKKpICZYs_main.jpg
Skipping macOS metadata: __MACOSX/BusinessCommunication/mobile/._poster_62GgM0Ip7mC_main.jpg
Skipping macOS metadata: __MACOSX/BusinessCommunication/mobile/._6fCLvMoYrIt_X_M_810_810.png
Skipping macOS metadata: __MACOSX/BusinessCommunication/mobile/._poster_6AZWOGjpNQp_main.jpg
Skipping macOS metadata: __MACOSX/BusinessCommunication/mobile/._6BzNAqiJRgq.png
Skipping macOS metadata: __MACOSX/BusinessCommunication/mobile/._6NZT0mCJRF6.png
Skipping macOS metadata: __MACOSX/BusinessCommunication/mobile/._poster_5wega9UCwbF_main.jpg
Skipping macOS metadata: __MACOSX/BusinessCommunication/mobile/._6qAVkjvrnVu.png
Skipping macOS metadata: __MACOSX/BusinessCommunication/mobile/._poster_65MK54cTFUR_main.jpg
Skipping macOS metadata: __MACOSX/BusinessCommunication/mobile/._6fCLvMoYrIt_M_810_810.png
Skipping macOS metadata: __MACOSX/BusinessCommunication/mobile/._poster_6aV6bMNqLDX_main.jpg
Skipping macOS metadata: __MACOSX/BusinessCommunication/mobile/._poster_5jclb0IL9bM_main.jpg
Skipping macOS metadata: __MACOSX/BusinessCommunication/mobile/._poster_66g8qlLDneS_main.jpg
Skipping macOS metadata: __MACOSX/BusinessCommunication/mobile/._poster_6ftBgk3Uv4t_main.jpg
Skipping macOS metadata: __MACOSX/BusinessCommunication/mobile/._poster_6nesB2kbLGN_main.jpg
Skipping macOS metadata: __MACOSX/BusinessCommunication/mobile/._poster_6B2S1Nuz8P6_main.jpg
Skipping macOS metadata: __MACOSX/BusinessCommunication/mobile/._poster_6XTUyaGnhHD_main.jpg
Skipping macOS metadata: __MACOSX/BusinessCommunication/mobile/._poster_60yDhK1GY73_main.jpg
Skipping macOS metadata: __MACOSX/BusinessCommunication/mobile/._poster_5bG7vOppaCU_main.jpg
Skipping macOS metadata: __MACOSX/BusinessCommunication/mobile/._poster_647FYZlofr7_main.jpg
Skipping macOS metadata: __MACOSX/BusinessCommunication/mobile/._poster_5tPSyY6Wff5_main.jpg
Skipping macOS metadata: __MACOSX/BusinessCommunication/mobile/._6n3PHoGwPzs.png
Skipping macOS metadata: __MACOSX/BusinessCommunication/mobile/._poster_6R8KTfMPPDb_main.jpg
Skipping macOS metadata: __MACOSX/BusinessCommunication/mobile/._poster_6VVkxU0VuVP_main.jpg
Skipping macOS metadata: __MACOSX/BusinessCommunication/mobile/._poster_5k6XRMRbonj_main.jpg
Skipping macOS metadata: __MACOSX/BusinessCommunication/mobile/._poster_6eM6RxnYdRr_main.jpg
Skipping macOS metadata: __MACOSX/BusinessCommunication/mobile/._poster_6dhFDU8Y5nw_main.jpg
Skipping macOS metadata: __MACOSX/BusinessCommunication/mobile/._poster_5W80q1pOH34_main.jpg
Skipping macOS metadata: __MACOSX/BusinessCommunication/mobile/._poster_6OAuq82gXgr_main.jpg
Skipping macOS metadata: __MACOSX/BusinessCommunication/mobile/._poster_6PuSoDNTgOp_main.jpg
Skipping macOS metadata: __MACOSX/BusinessCommunication/mobile/._poster_6ZO915yO7DN_main.jpg
Skipping macOS metadata: __MACOSX/BusinessCommunication/mobile/._6Xkv8wZFFTj.png
Skipping macOS metadata: __MACOSX/BusinessCommunication/mobile/._poster_5iNWfJRHtwN_main.jpg
Skipping macOS metadata: __MACOSX/BusinessCommunication/mobile/._6CSTs6MVvQD.png
Skipping macOS metadata: __MACOSX/BusinessCommunication/mobile/._poster_6aWwutdOmPn_main.jpg
Skipping macOS metadata: __MACOSX/BusinessCommunication/mobile/._poster_5Xs8nJ0IzKL_main.jpg
Skipping macOS metadata: __MACOSX/BusinessCommunication/mobile/._poster_6fvfwZ3emtq_main.jpg
Skipping macOS metadata: __MACOSX/BusinessCommunication/mobile/._5rT0zakRsDr.png
Skipping macOS metadata: __MACOSX/BusinessCommunication/mobile/._poster_6PTAIOHptIp_main.jpg
Skipping macOS metadata: __MACOSX/BusinessCommunication/mobile/._poster_5mQZCI9Jv5t_main.jpg
Skipping macOS metadata: __MACOSX/BusinessCommunication/mobile/._6IMfS1ZxxkG.png
Skipping macOS metadata: __MACOSX/BusinessCommunication/mobile/._poster_6eRafmdo6aO_main.jpg
Skipping macOS metadata: __MACOSX/BusinessCommunication/mobile/._poster_67VAcH01tcd_main.jpg
Skipping macOS metadata: __MACOSX/BusinessCommunication/mobile/._poster_61osMpQfwIY_main.jpg
Skipping macOS metadata: __MACOSX/BusinessCommunication/mobile/._poster_60bTTbFHTd1_main.jpg
Skipping macOS metadata: __MACOSX/BusinessCommunication/mobile/._6nPzbZK4Zlk.png
Skipping macOS metadata: __MACOSX/BusinessCommunication/mobile/._poster_6rBU7yjhCr7_main.jpg
Skipping macOS metadata: __MACOSX/BusinessCommunication/story_content/video_6pXhIod4VGa_48_260x464.hls/._stream_3.m3u8
Skipping macOS metadata: __MACOSX/BusinessCommunication/story_content/video_6pXhIod4VGa_48_260x464.hls/._stream_2.m3u8
Skipping macOS metadata: __MACOSX/BusinessCommunication/story_content/video_6pXhIod4VGa_48_260x464.hls/._stream_0data000002.ts
Skipping macOS metadata: __MACOSX/BusinessCommunication/story_content/video_6pXhIod4VGa_48_260x464.hls/._stream_2data000001.ts
Skipping macOS metadata: __MACOSX/BusinessCommunication/story_content/video_6pXhIod4VGa_48_260x464.hls/._stream_3data000004.ts
Skipping macOS metadata: __MACOSX/BusinessCommunication/story_content/video_6pXhIod4VGa_48_260x464.hls/._stream_1data000003.ts
Skipping macOS metadata: __MACOSX/BusinessCommunication/story_content/video_6pXhIod4VGa_48_260x464.hls/._stream_3data000000.ts
Skipping macOS metadata: __MACOSX/BusinessCommunication/story_content/video_6pXhIod4VGa_48_260x464.hls/._stream_2data000004.ts
Skipping macOS metadata: __MACOSX/BusinessCommunication/story_content/video_6pXhIod4VGa_48_260x464.hls/._stream_1data000002.ts
Skipping macOS metadata: __MACOSX/BusinessCommunication/story_content/video_6pXhIod4VGa_48_260x464.hls/._stream_3data000001.ts
Skipping macOS metadata: __MACOSX/BusinessCommunication/story_content/video_6pXhIod4VGa_48_260x464.hls/._stream_0data000003.ts
Skipping macOS metadata: __MACOSX/BusinessCommunication/story_content/video_6pXhIod4VGa_48_260x464.hls/._stream_2data000000.ts
Skipping macOS metadata: __MACOSX/BusinessCommunication/story_content/video_6pXhIod4VGa_48_260x464.hls/._stream_0data000004.ts
Skipping macOS metadata: __MACOSX/BusinessCommunication/story_content/video_6pXhIod4VGa_48_260x464.hls/._stream_1data000001.ts
Skipping macOS metadata: __MACOSX/BusinessCommunication/story_content/video_6pXhIod4VGa_48_260x464.hls/._stream_3data000002.ts
Skipping macOS metadata: __MACOSX/BusinessCommunication/story_content/video_6pXhIod4VGa_48_260x464.hls/._stream_0data000000.ts
Skipping macOS metadata: __MACOSX/BusinessCommunication/story_content/video_6pXhIod4VGa_48_260x464.hls/._stream_2data000003.ts
Skipping macOS metadata: __MACOSX/BusinessCommunication/story_content/video_6pXhIod4VGa_48_260x464.hls/._stream_0data000001.ts
Skipping macOS metadata: __MACOSX/BusinessCommunication/story_content/video_6pXhIod4VGa_48_260x464.hls/._stream_2data000002.ts
Skipping macOS metadata: __MACOSX/BusinessCommunication/story_content/video_6pXhIod4VGa_48_260x464.hls/._stream_1data000004.ts
Skipping macOS metadata: __MACOSX/BusinessCommunication/story_content/video_6pXhIod4VGa_48_260x464.hls/._stream_1data000000.ts
Skipping macOS metadata: __MACOSX/BusinessCommunication/story_content/video_6pXhIod4VGa_48_260x464.hls/._stream_3data000003.ts
Skipping macOS metadata: __MACOSX/BusinessCommunication/story_content/video_6pXhIod4VGa_48_260x464.hls/._stream_1.m3u8
Skipping macOS metadata: __MACOSX/BusinessCommunication/story_content/video_6pXhIod4VGa_48_260x464.hls/._stream_0.m3u8
Skipping macOS metadata: __MACOSX/BusinessCommunication/story_content/video_6pXhIod4VGa_48_260x464.hls/._main.m3u8
Skipping macOS metadata: __MACOSX/BusinessCommunication/story_content/video_6WIxAxYcsio_48_960x540.hls/._stream_3.m3u8
Skipping macOS metadata: __MACOSX/BusinessCommunication/story_content/video_6WIxAxYcsio_48_960x540.hls/._stream_1data000029.ts
Skipping macOS metadata: __MACOSX/BusinessCommunication/story_content/video_6WIxAxYcsio_48_960x540.hls/._stream_0data000008.ts
Skipping macOS metadata: __MACOSX/BusinessCommunication/story_content/video_6WIxAxYcsio_48_960x540.hls/._stream_0data000018.ts
Skipping macOS metadata: __MACOSX/BusinessCommunication/story_content/video_6WIxAxYcsio_48_960x540.hls/._stream_1data000019.ts
Skipping macOS metadata: __MACOSX/BusinessCommunication/story_content/video_6WIxAxYcsio_48_960x540.hls/._stream_0data000028.ts
Skipping macOS metadata: __MACOSX/BusinessCommunication/story_content/video_6WIxAxYcsio_48_960x540.hls/._stream_1data000009.ts
Skipping macOS metadata: __MACOSX/BusinessCommunication/story_content/video_6WIxAxYcsio_48_960x540.hls/._stream_1data000018.ts
Skipping macOS metadata: __MACOSX/BusinessCommunication/story_content/video_6WIxAxYcsio_48_960x540.hls/._stream_0data000029.ts
Skipping macOS metadata: __MACOSX/BusinessCommunication/story_content/video_6WIxAxYcsio_48_960x540.hls/._stream_1data000008.ts
Skipping macOS metadata: __MACOSX/BusinessCommunication/story_content/video_6WIxAxYcsio_48_960x540.hls/._stream_1data000028.ts
Skipping macOS metadata: __MACOSX/BusinessCommunication/story_content/video_6WIxAxYcsio_48_960x540.hls/._stream_0data000009.ts
Skipping macOS metadata: __MACOSX/BusinessCommunication/story_content/video_6WIxAxYcsio_48_960x540.hls/._stream_0data000019.ts
Skipping macOS metadata: __MACOSX/BusinessCommunication/story_content/video_6WIxAxYcsio_48_960x540.hls/._stream_2.m3u8
Skipping macOS metadata: __MACOSX/BusinessCommunication/story_content/video_6WIxAxYcsio_48_960x540.hls/._stream_3data000020.ts
Skipping macOS metadata: __MACOSX/BusinessCommunication/story_content/video_6WIxAxYcsio_48_960x540.hls/._stream_0data000002.ts
Skipping macOS metadata: __MACOSX/BusinessCommunication/story_content/video_6WIxAxYcsio_48_960x540.hls/._stream_3data000014.ts
Skipping macOS metadata: __MACOSX/BusinessCommunication/story_content/video_6WIxAxYcsio_48_960x540.hls/._stream_1data000017.ts
Skipping macOS metadata: __MACOSX/BusinessCommunication/story_content/video_6WIxAxYcsio_48_960x540.hls/._stream_2data000001.ts
Skipping macOS metadata: __MACOSX/BusinessCommunication/story_content/video_6WIxAxYcsio_48_960x540.hls/._stream_1data000023.ts
Skipping macOS metadata: __MACOSX/BusinessCommunication/story_content/video_6WIxAxYcsio_48_960x540.hls/._stream_1data000033.ts
Skipping macOS metadata: __MACOSX/BusinessCommunication/story_content/video_6WIxAxYcsio_48_960x540.hls/._stream_2data000025.ts
Skipping macOS metadata: __MACOSX/BusinessCommunication/story_content/video_6WIxAxYcsio_48_960x540.hls/._stream_2data000011.ts
Skipping macOS metadata: __MACOSX/BusinessCommunication/story_content/video_6WIxAxYcsio_48_960x540.hls/._stream_1data000007.ts
Skipping macOS metadata: __MACOSX/BusinessCommunication/story_content/video_6WIxAxYcsio_48_960x540.hls/._stream_3data000004.ts
Skipping macOS metadata: __MACOSX/BusinessCommunication/story_content/video_6WIxAxYcsio_48_960x540.hls/._stream_0data000012.ts
Skipping macOS metadata: __MACOSX/BusinessCommunication/story_content/video_6WIxAxYcsio_48_960x540.hls/._stream_0data000026.ts
Skipping macOS metadata: __MACOSX/BusinessCommunication/story_content/video_6WIxAxYcsio_48_960x540.hls/._stream_3data000030.ts
Skipping macOS metadata: __MACOSX/BusinessCommunication/story_content/video_6WIxAxYcsio_48_960x540.hls/._stream_3data000010.ts
Skipping macOS metadata: __MACOSX/BusinessCommunication/story_content/video_6WIxAxYcsio_48_960x540.hls/._stream_0data000006.ts
Skipping macOS metadata: __MACOSX/BusinessCommunication/story_content/video_6WIxAxYcsio_48_960x540.hls/._stream_0data000032.ts
Skipping macOS metadata: __MACOSX/BusinessCommunication/story_content/video_6WIxAxYcsio_48_960x540.hls/._stream_3data000024.ts
Skipping macOS metadata: __MACOSX/BusinessCommunication/story_content/video_6WIxAxYcsio_48_960x540.hls/._stream_1data000027.ts
Skipping macOS metadata: __MACOSX/BusinessCommunication/story_content/video_6WIxAxYcsio_48_960x540.hls/._stream_2data000031.ts
Skipping macOS metadata: __MACOSX/BusinessCommunication/story_content/video_6WIxAxYcsio_48_960x540.hls/._stream_2data000005.ts
Skipping macOS metadata: __MACOSX/BusinessCommunication/story_content/video_6WIxAxYcsio_48_960x540.hls/._stream_1data000013.ts
Skipping macOS metadata: __MACOSX/BusinessCommunication/story_content/video_6WIxAxYcsio_48_960x540.hls/._stream_1data000003.ts
Skipping macOS metadata: __MACOSX/BusinessCommunication/story_content/video_6WIxAxYcsio_48_960x540.hls/._stream_2data000015.ts
Skipping macOS metadata: __MACOSX/BusinessCommunication/story_content/video_6WIxAxYcsio_48_960x540.hls/._stream_2data000021.ts
Skipping macOS metadata: __MACOSX/BusinessCommunication/story_content/video_6WIxAxYcsio_48_960x540.hls/._stream_3data000034.ts
Skipping macOS metadata: __MACOSX/BusinessCommunication/story_content/video_6WIxAxYcsio_48_960x540.hls/._stream_0data000022.ts
Skipping macOS metadata: __MACOSX/BusinessCommunication/story_content/video_6WIxAxYcsio_48_960x540.hls/._stream_0data000016.ts
Skipping macOS metadata: __MACOSX/BusinessCommunication/story_content/video_6WIxAxYcsio_48_960x540.hls/._stream_3data000000.ts
Skipping macOS metadata: __MACOSX/BusinessCommunication/story_content/video_6WIxAxYcsio_48_960x540.hls/._stream_3data000011.ts
Skipping macOS metadata: __MACOSX/BusinessCommunication/story_content/video_6WIxAxYcsio_48_960x540.hls/._stream_0data000007.ts
Skipping macOS metadata: __MACOSX/BusinessCommunication/story_content/video_6WIxAxYcsio_48_960x540.hls/._stream_0data000033.ts
Skipping macOS metadata: __MACOSX/BusinessCommunication/story_content/video_6WIxAxYcsio_48_960x540.hls/._stream_3data000025.ts
Skipping macOS metadata: __MACOSX/BusinessCommunication/story_content/video_6WIxAxYcsio_48_960x540.hls/._stream_1data000026.ts
Skipping macOS metadata: __MACOSX/BusinessCommunication/story_content/video_6WIxAxYcsio_48_960x540.hls/._stream_2data000030.ts
Skipping macOS metadata: __MACOSX/BusinessCommunication/story_content/video_6WIxAxYcsio_48_960x540.hls/._stream_2data000004.ts
Skipping macOS metadata: __MACOSX/BusinessCommunication/story_content/video_6WIxAxYcsio_48_960x540.hls/._stream_1data000012.ts
Skipping macOS metadata: __MACOSX/BusinessCommunication/story_content/video_6WIxAxYcsio_48_960x540.hls/._stream_1data000002.ts
Skipping macOS metadata: __MACOSX/BusinessCommunication/story_content/video_6WIxAxYcsio_48_960x540.hls/._stream_2data000014.ts
Skipping macOS metadata: __MACOSX/BusinessCommunication/story_content/video_6WIxAxYcsio_48_960x540.hls/._stream_2data000020.ts
Skipping macOS metadata: __MACOSX/BusinessCommunication/story_content/video_6WIxAxYcsio_48_960x540.hls/._stream_0data000023.ts
Skipping macOS metadata: __MACOSX/BusinessCommunication/story_content/video_6WIxAxYcsio_48_960x540.hls/._stream_0data000017.ts
Skipping macOS metadata: __MACOSX/BusinessCommunication/story_content/video_6WIxAxYcsio_48_960x540.hls/._stream_3data000001.ts
Skipping macOS metadata: __MACOSX/BusinessCommunication/story_content/video_6WIxAxYcsio_48_960x540.hls/._stream_3data000021.ts
Skipping macOS metadata: __MACOSX/BusinessCommunication/story_content/video_6WIxAxYcsio_48_960x540.hls/._stream_0data000003.ts
Skipping macOS metadata: __MACOSX/BusinessCommunication/story_content/video_6WIxAxYcsio_48_960x540.hls/._stream_3data000015.ts
Skipping macOS metadata: __MACOSX/BusinessCommunication/story_content/video_6WIxAxYcsio_48_960x540.hls/._stream_1data000016.ts
Skipping macOS metadata: __MACOSX/BusinessCommunication/story_content/video_6WIxAxYcsio_48_960x540.hls/._stream_2data000000.ts
Skipping macOS metadata: __MACOSX/BusinessCommunication/story_content/video_6WIxAxYcsio_48_960x540.hls/._stream_2data000034.ts
Skipping macOS metadata: __MACOSX/BusinessCommunication/story_content/video_6WIxAxYcsio_48_960x540.hls/._stream_1data000022.ts
Skipping macOS metadata: __MACOSX/BusinessCommunication/story_content/video_6WIxAxYcsio_48_960x540.hls/._stream_1data000032.ts
Skipping macOS metadata: __MACOSX/BusinessCommunication/story_content/video_6WIxAxYcsio_48_960x540.hls/._stream_2data000024.ts
Skipping macOS metadata: __MACOSX/BusinessCommunication/story_content/video_6WIxAxYcsio_48_960x540.hls/._stream_2data000010.ts
Skipping macOS metadata: __MACOSX/BusinessCommunication/story_content/video_6WIxAxYcsio_48_960x540.hls/._stream_1data000006.ts
Skipping macOS metadata: __MACOSX/BusinessCommunication/story_content/video_6WIxAxYcsio_48_960x540.hls/._stream_3data000005.ts
Skipping macOS metadata: __MACOSX/BusinessCommunication/story_content/video_6WIxAxYcsio_48_960x540.hls/._stream_0data000013.ts
Skipping macOS metadata: __MACOSX/BusinessCommunication/story_content/video_6WIxAxYcsio_48_960x540.hls/._stream_0data000027.ts
Skipping macOS metadata: __MACOSX/BusinessCommunication/story_content/video_6WIxAxYcsio_48_960x540.hls/._stream_3data000031.ts
Skipping macOS metadata: __MACOSX/BusinessCommunication/story_content/video_6WIxAxYcsio_48_960x540.hls/._stream_0data000004.ts
Skipping macOS metadata: __MACOSX/BusinessCommunication/story_content/video_6WIxAxYcsio_48_960x540.hls/._stream_3data000012.ts
Skipping macOS metadata: __MACOSX/BusinessCommunication/story_content/video_6WIxAxYcsio_48_960x540.hls/._stream_3data000026.ts
Skipping macOS metadata: __MACOSX/BusinessCommunication/story_content/video_6WIxAxYcsio_48_960x540.hls/._stream_0data000030.ts
Skipping macOS metadata: __MACOSX/BusinessCommunication/story_content/video_6WIxAxYcsio_48_960x540.hls/._stream_2data000033.ts
Skipping macOS metadata: __MACOSX/BusinessCommunication/story_content/video_6WIxAxYcsio_48_960x540.hls/._stream_1data000025.ts
Skipping macOS metadata: __MACOSX/BusinessCommunication/story_content/video_6WIxAxYcsio_48_960x540.hls/._stream_1data000011.ts
Skipping macOS metadata: __MACOSX/BusinessCommunication/story_content/video_6WIxAxYcsio_48_960x540.hls/._stream_2data000007.ts
Skipping macOS metadata: __MACOSX/BusinessCommunication/story_content/video_6WIxAxYcsio_48_960x540.hls/._stream_2data000017.ts
Skipping macOS metadata: __MACOSX/BusinessCommunication/story_content/video_6WIxAxYcsio_48_960x540.hls/._stream_1data000001.ts
Skipping macOS metadata: __MACOSX/BusinessCommunication/story_content/video_6WIxAxYcsio_48_960x540.hls/._stream_2data000023.ts
Skipping macOS metadata: __MACOSX/BusinessCommunication/story_content/video_6WIxAxYcsio_48_960x540.hls/._stream_0data000020.ts
Skipping macOS metadata: __MACOSX/BusinessCommunication/story_content/video_6WIxAxYcsio_48_960x540.hls/._stream_3data000002.ts
Skipping macOS metadata: __MACOSX/BusinessCommunication/story_content/video_6WIxAxYcsio_48_960x540.hls/._stream_0data000014.ts
Skipping macOS metadata: __MACOSX/BusinessCommunication/story_content/video_6WIxAxYcsio_48_960x540.hls/._stream_0data000034.ts
Skipping macOS metadata: __MACOSX/BusinessCommunication/story_content/video_6WIxAxYcsio_48_960x540.hls/._stream_3data000022.ts
Skipping macOS metadata: __MACOSX/BusinessCommunication/story_content/video_6WIxAxYcsio_48_960x540.hls/._stream_3data000016.ts
Skipping macOS metadata: __MACOSX/BusinessCommunication/story_content/video_6WIxAxYcsio_48_960x540.hls/._stream_0data000000.ts
Skipping macOS metadata: __MACOSX/BusinessCommunication/story_content/video_6WIxAxYcsio_48_960x540.hls/._stream_2data000003.ts
Skipping macOS metadata: __MACOSX/BusinessCommunication/story_content/video_6WIxAxYcsio_48_960x540.hls/._stream_1data000015.ts
Skipping macOS metadata: __MACOSX/BusinessCommunication/story_content/video_6WIxAxYcsio_48_960x540.hls/._stream_1data000021.ts
Skipping macOS metadata: __MACOSX/BusinessCommunication/story_content/video_6WIxAxYcsio_48_960x540.hls/._stream_2data000027.ts
Skipping macOS metadata: __MACOSX/BusinessCommunication/story_content/video_6WIxAxYcsio_48_960x540.hls/._stream_1data000031.ts
Skipping macOS metadata: __MACOSX/BusinessCommunication/story_content/video_6WIxAxYcsio_48_960x540.hls/._stream_1data000005.ts
Skipping macOS metadata: __MACOSX/BusinessCommunication/story_content/video_6WIxAxYcsio_48_960x540.hls/._stream_2data000013.ts
Skipping macOS metadata: __MACOSX/BusinessCommunication/story_content/video_6WIxAxYcsio_48_960x540.hls/._stream_0data000010.ts
Skipping macOS metadata: __MACOSX/BusinessCommunication/story_content/video_6WIxAxYcsio_48_960x540.hls/._stream_3data000006.ts
Skipping macOS metadata: __MACOSX/BusinessCommunication/story_content/video_6WIxAxYcsio_48_960x540.hls/._stream_3data000032.ts
Skipping macOS metadata: __MACOSX/BusinessCommunication/story_content/video_6WIxAxYcsio_48_960x540.hls/._stream_0data000024.ts
Skipping macOS metadata: __MACOSX/BusinessCommunication/story_content/video_6WIxAxYcsio_48_960x540.hls/._stream_3data000023.ts
Skipping macOS metadata: __MACOSX/BusinessCommunication/story_content/video_6WIxAxYcsio_48_960x540.hls/._stream_3data000017.ts
Skipping macOS metadata: __MACOSX/BusinessCommunication/story_content/video_6WIxAxYcsio_48_960x540.hls/._stream_0data000001.ts
Skipping macOS metadata: __MACOSX/BusinessCommunication/story_content/video_6WIxAxYcsio_48_960x540.hls/._stream_2data000002.ts
Skipping macOS metadata: __MACOSX/BusinessCommunication/story_content/video_6WIxAxYcsio_48_960x540.hls/._stream_1data000014.ts
Skipping macOS metadata: __MACOSX/BusinessCommunication/story_content/video_6WIxAxYcsio_48_960x540.hls/._stream_1data000020.ts
Skipping macOS metadata: __MACOSX/BusinessCommunication/story_content/video_6WIxAxYcsio_48_960x540.hls/._stream_2data000026.ts
Skipping macOS metadata: __MACOSX/BusinessCommunication/story_content/video_6WIxAxYcsio_48_960x540.hls/._stream_1data000030.ts
Skipping macOS metadata: __MACOSX/BusinessCommunication/story_content/video_6WIxAxYcsio_48_960x540.hls/._stream_1data000004.ts
Skipping macOS metadata: __MACOSX/BusinessCommunication/story_content/video_6WIxAxYcsio_48_960x540.hls/._stream_2data000012.ts
Skipping macOS metadata: __MACOSX/BusinessCommunication/story_content/video_6WIxAxYcsio_48_960x540.hls/._stream_0data000011.ts
Skipping macOS metadata: __MACOSX/BusinessCommunication/story_content/video_6WIxAxYcsio_48_960x540.hls/._stream_3data000007.ts
Skipping macOS metadata: __MACOSX/BusinessCommunication/story_content/video_6WIxAxYcsio_48_960x540.hls/._stream_3data000033.ts
Skipping macOS metadata: __MACOSX/BusinessCommunication/story_content/video_6WIxAxYcsio_48_960x540.hls/._stream_0data000025.ts
Skipping macOS metadata: __MACOSX/BusinessCommunication/story_content/video_6WIxAxYcsio_48_960x540.hls/._stream_0data000005.ts
Skipping macOS metadata: __MACOSX/BusinessCommunication/story_content/video_6WIxAxYcsio_48_960x540.hls/._stream_3data000013.ts
Skipping macOS metadata: __MACOSX/BusinessCommunication/story_content/video_6WIxAxYcsio_48_960x540.hls/._stream_3data000027.ts
Skipping macOS metadata: __MACOSX/BusinessCommunication/story_content/video_6WIxAxYcsio_48_960x540.hls/._stream_0data000031.ts
Skipping macOS metadata: __MACOSX/BusinessCommunication/story_content/video_6WIxAxYcsio_48_960x540.hls/._stream_2data000032.ts
Skipping macOS metadata: __MACOSX/BusinessCommunication/story_content/video_6WIxAxYcsio_48_960x540.hls/._stream_1data000024.ts
Skipping macOS metadata: __MACOSX/BusinessCommunication/story_content/video_6WIxAxYcsio_48_960x540.hls/._stream_1data000010.ts
Skipping macOS metadata: __MACOSX/BusinessCommunication/story_content/video_6WIxAxYcsio_48_960x540.hls/._stream_2data000006.ts
Skipping macOS metadata: __MACOSX/BusinessCommunication/story_content/video_6WIxAxYcsio_48_960x540.hls/._stream_2data000016.ts
Skipping macOS metadata: __MACOSX/BusinessCommunication/story_content/video_6WIxAxYcsio_48_960x540.hls/._stream_1data000000.ts
Skipping macOS metadata: __MACOSX/BusinessCommunication/story_content/video_6WIxAxYcsio_48_960x540.hls/._stream_1data000034.ts
Skipping macOS metadata: __MACOSX/BusinessCommunication/story_content/video_6WIxAxYcsio_48_960x540.hls/._stream_2data000022.ts
Skipping macOS metadata: __MACOSX/BusinessCommunication/story_content/video_6WIxAxYcsio_48_960x540.hls/._stream_0data000021.ts
Skipping macOS metadata: __MACOSX/BusinessCommunication/story_content/video_6WIxAxYcsio_48_960x540.hls/._stream_3data000003.ts
Skipping macOS metadata: __MACOSX/BusinessCommunication/story_content/video_6WIxAxYcsio_48_960x540.hls/._stream_0data000015.ts
Skipping macOS metadata: __MACOSX/BusinessCommunication/story_content/video_6WIxAxYcsio_48_960x540.hls/._stream_3data000018.ts
Skipping macOS metadata: __MACOSX/BusinessCommunication/story_content/video_6WIxAxYcsio_48_960x540.hls/._stream_3data000008.ts
Skipping macOS metadata: __MACOSX/BusinessCommunication/story_content/video_6WIxAxYcsio_48_960x540.hls/._stream_1.m3u8
Skipping macOS metadata: __MACOSX/BusinessCommunication/story_content/video_6WIxAxYcsio_48_960x540.hls/._stream_2data000029.ts
Skipping macOS metadata: __MACOSX/BusinessCommunication/story_content/video_6WIxAxYcsio_48_960x540.hls/._stream_2data000009.ts
Skipping macOS metadata: __MACOSX/BusinessCommunication/story_content/video_6WIxAxYcsio_48_960x540.hls/._stream_3data000028.ts
Skipping macOS metadata: __MACOSX/BusinessCommunication/story_content/video_6WIxAxYcsio_48_960x540.hls/._stream_2data000019.ts
Skipping macOS metadata: __MACOSX/BusinessCommunication/story_content/video_6WIxAxYcsio_48_960x540.hls/._stream_2data000008.ts
Skipping macOS metadata: __MACOSX/BusinessCommunication/story_content/video_6WIxAxYcsio_48_960x540.hls/._stream_3data000029.ts
Skipping macOS metadata: __MACOSX/BusinessCommunication/story_content/video_6WIxAxYcsio_48_960x540.hls/._stream_2data000018.ts
Skipping macOS metadata: __MACOSX/BusinessCommunication/story_content/video_6WIxAxYcsio_48_960x540.hls/._stream_0.m3u8
Skipping macOS metadata: __MACOSX/BusinessCommunication/story_content/video_6WIxAxYcsio_48_960x540.hls/._stream_3data000019.ts
Skipping macOS metadata: __MACOSX/BusinessCommunication/story_content/video_6WIxAxYcsio_48_960x540.hls/._main.m3u8
Skipping macOS metadata: __MACOSX/BusinessCommunication/story_content/video_6WIxAxYcsio_48_960x540.hls/._stream_3data000009.ts
Skipping macOS metadata: __MACOSX/BusinessCommunication/story_content/video_6WIxAxYcsio_48_960x540.hls/._stream_2data000028.ts
Skipping macOS metadata: __MACOSX/BusinessCommunication/story_content/video_6buXLqzL6ws_48_960x540.hls/._stream_3.m3u8
Skipping macOS metadata: __MACOSX/BusinessCommunication/story_content/video_6buXLqzL6ws_48_960x540.hls/._stream_0data000008.ts
Skipping macOS metadata: __MACOSX/BusinessCommunication/story_content/video_6buXLqzL6ws_48_960x540.hls/._stream_0data000018.ts
Skipping macOS metadata: __MACOSX/BusinessCommunication/story_content/video_6buXLqzL6ws_48_960x540.hls/._stream_1data000019.ts
Skipping macOS metadata: __MACOSX/BusinessCommunication/story_content/video_6buXLqzL6ws_48_960x540.hls/._stream_1data000009.ts
Skipping macOS metadata: __MACOSX/BusinessCommunication/story_content/video_6buXLqzL6ws_48_960x540.hls/._stream_1data000018.ts
Skipping macOS metadata: __MACOSX/BusinessCommunication/story_content/video_6buXLqzL6ws_48_960x540.hls/._stream_1data000008.ts
Skipping macOS metadata: __MACOSX/BusinessCommunication/story_content/video_6buXLqzL6ws_48_960x540.hls/._stream_0data000009.ts
Skipping macOS metadata: __MACOSX/BusinessCommunication/story_content/video_6buXLqzL6ws_48_960x540.hls/._stream_0data000019.ts
Skipping macOS metadata: __MACOSX/BusinessCommunication/story_content/video_6buXLqzL6ws_48_960x540.hls/._stream_2.m3u8
Skipping macOS metadata: __MACOSX/BusinessCommunication/story_content/video_6buXLqzL6ws_48_960x540.hls/._stream_3data000020.ts
Skipping macOS metadata: __MACOSX/BusinessCommunication/story_content/video_6buXLqzL6ws_48_960x540.hls/._stream_0data000002.ts
Skipping macOS metadata: __MACOSX/BusinessCommunication/story_content/video_6buXLqzL6ws_48_960x540.hls/._stream_3data000014.ts
Skipping macOS metadata: __MACOSX/BusinessCommunication/story_content/video_6buXLqzL6ws_48_960x540.hls/._stream_1data000017.ts
Skipping macOS metadata: __MACOSX/BusinessCommunication/story_content/video_6buXLqzL6ws_48_960x540.hls/._stream_2data000001.ts
Skipping macOS metadata: __MACOSX/BusinessCommunication/story_content/video_6buXLqzL6ws_48_960x540.hls/._stream_1data000023.ts
Skipping macOS metadata: __MACOSX/BusinessCommunication/story_content/video_6buXLqzL6ws_48_960x540.hls/._stream_2data000025.ts
Skipping macOS metadata: __MACOSX/BusinessCommunication/story_content/video_6buXLqzL6ws_48_960x540.hls/._stream_2data000011.ts
Skipping macOS metadata: __MACOSX/BusinessCommunication/story_content/video_6buXLqzL6ws_48_960x540.hls/._stream_1data000007.ts
Skipping macOS metadata: __MACOSX/BusinessCommunication/story_content/video_6buXLqzL6ws_48_960x540.hls/._stream_3data000004.ts
Skipping macOS metadata: __MACOSX/BusinessCommunication/story_content/video_6buXLqzL6ws_48_960x540.hls/._stream_0data000012.ts
Skipping macOS metadata: __MACOSX/BusinessCommunication/story_content/video_6buXLqzL6ws_48_960x540.hls/._stream_3data000010.ts
Skipping macOS metadata: __MACOSX/BusinessCommunication/story_content/video_6buXLqzL6ws_48_960x540.hls/._stream_0data000006.ts
Skipping macOS metadata: __MACOSX/BusinessCommunication/story_content/video_6buXLqzL6ws_48_960x540.hls/._stream_3data000024.ts
Skipping macOS metadata: __MACOSX/BusinessCommunication/story_content/video_6buXLqzL6ws_48_960x540.hls/._stream_2data000005.ts
Skipping macOS metadata: __MACOSX/BusinessCommunication/story_content/video_6buXLqzL6ws_48_960x540.hls/._stream_1data000013.ts
Skipping macOS metadata: __MACOSX/BusinessCommunication/story_content/video_6buXLqzL6ws_48_960x540.hls/._stream_1data000003.ts
Skipping macOS metadata: __MACOSX/BusinessCommunication/story_content/video_6buXLqzL6ws_48_960x540.hls/._stream_2data000015.ts
Skipping macOS metadata: __MACOSX/BusinessCommunication/story_content/video_6buXLqzL6ws_48_960x540.hls/._stream_2data000021.ts
Skipping macOS metadata: __MACOSX/BusinessCommunication/story_content/video_6buXLqzL6ws_48_960x540.hls/._stream_0data000022.ts
Skipping macOS metadata: __MACOSX/BusinessCommunication/story_content/video_6buXLqzL6ws_48_960x540.hls/._stream_0data000016.ts
Skipping macOS metadata: __MACOSX/BusinessCommunication/story_content/video_6buXLqzL6ws_48_960x540.hls/._stream_3data000000.ts
Skipping macOS metadata: __MACOSX/BusinessCommunication/story_content/video_6buXLqzL6ws_48_960x540.hls/._stream_3data000011.ts
Skipping macOS metadata: __MACOSX/BusinessCommunication/story_content/video_6buXLqzL6ws_48_960x540.hls/._stream_0data000007.ts
Skipping macOS metadata: __MACOSX/BusinessCommunication/story_content/video_6buXLqzL6ws_48_960x540.hls/._stream_3data000025.ts
Skipping macOS metadata: __MACOSX/BusinessCommunication/story_content/video_6buXLqzL6ws_48_960x540.hls/._stream_2data000004.ts
Skipping macOS metadata: __MACOSX/BusinessCommunication/story_content/video_6buXLqzL6ws_48_960x540.hls/._stream_1data000012.ts
Skipping macOS metadata: __MACOSX/BusinessCommunication/story_content/video_6buXLqzL6ws_48_960x540.hls/._stream_1data000002.ts
Skipping macOS metadata: __MACOSX/BusinessCommunication/story_content/video_6buXLqzL6ws_48_960x540.hls/._stream_2data000014.ts
Skipping macOS metadata: __MACOSX/BusinessCommunication/story_content/video_6buXLqzL6ws_48_960x540.hls/._stream_2data000020.ts
Skipping macOS metadata: __MACOSX/BusinessCommunication/story_content/video_6buXLqzL6ws_48_960x540.hls/._stream_0data000023.ts
Skipping macOS metadata: __MACOSX/BusinessCommunication/story_content/video_6buXLqzL6ws_48_960x540.hls/._stream_0data000017.ts
Skipping macOS metadata: __MACOSX/BusinessCommunication/story_content/video_6buXLqzL6ws_48_960x540.hls/._stream_3data000001.ts
Skipping macOS metadata: __MACOSX/BusinessCommunication/story_content/video_6buXLqzL6ws_48_960x540.hls/._stream_3data000021.ts
Skipping macOS metadata: __MACOSX/BusinessCommunication/story_content/video_6buXLqzL6ws_48_960x540.hls/._stream_0data000003.ts
Skipping macOS metadata: __MACOSX/BusinessCommunication/story_content/video_6buXLqzL6ws_48_960x540.hls/._stream_3data000015.ts
Skipping macOS metadata: __MACOSX/BusinessCommunication/story_content/video_6buXLqzL6ws_48_960x540.hls/._stream_1data000016.ts
Skipping macOS metadata: __MACOSX/BusinessCommunication/story_content/video_6buXLqzL6ws_48_960x540.hls/._stream_2data000000.ts
Skipping macOS metadata: __MACOSX/BusinessCommunication/story_content/video_6buXLqzL6ws_48_960x540.hls/._stream_1data000022.ts
Skipping macOS metadata: __MACOSX/BusinessCommunication/story_content/video_6buXLqzL6ws_48_960x540.hls/._stream_2data000024.ts
Skipping macOS metadata: __MACOSX/BusinessCommunication/story_content/video_6buXLqzL6ws_48_960x540.hls/._stream_2data000010.ts
Skipping macOS metadata: __MACOSX/BusinessCommunication/story_content/video_6buXLqzL6ws_48_960x540.hls/._stream_1data000006.ts
Skipping macOS metadata: __MACOSX/BusinessCommunication/story_content/video_6buXLqzL6ws_48_960x540.hls/._stream_3data000005.ts
Skipping macOS metadata: __MACOSX/BusinessCommunication/story_content/video_6buXLqzL6ws_48_960x540.hls/._stream_0data000013.ts
Skipping macOS metadata: __MACOSX/BusinessCommunication/story_content/video_6buXLqzL6ws_48_960x540.hls/._stream_0data000004.ts
Skipping macOS metadata: __MACOSX/BusinessCommunication/story_content/video_6buXLqzL6ws_48_960x540.hls/._stream_3data000012.ts
Skipping macOS metadata: __MACOSX/BusinessCommunication/story_content/video_6buXLqzL6ws_48_960x540.hls/._stream_1data000025.ts
Skipping macOS metadata: __MACOSX/BusinessCommunication/story_content/video_6buXLqzL6ws_48_960x540.hls/._stream_1data000011.ts
Skipping macOS metadata: __MACOSX/BusinessCommunication/story_content/video_6buXLqzL6ws_48_960x540.hls/._stream_2data000007.ts
Skipping macOS metadata: __MACOSX/BusinessCommunication/story_content/video_6buXLqzL6ws_48_960x540.hls/._stream_2data000017.ts
Skipping macOS metadata: __MACOSX/BusinessCommunication/story_content/video_6buXLqzL6ws_48_960x540.hls/._stream_1data000001.ts
Skipping macOS metadata: __MACOSX/BusinessCommunication/story_content/video_6buXLqzL6ws_48_960x540.hls/._stream_2data000023.ts
Skipping macOS metadata: __MACOSX/BusinessCommunication/story_content/video_6buXLqzL6ws_48_960x540.hls/._stream_0data000020.ts
Skipping macOS metadata: __MACOSX/BusinessCommunication/story_content/video_6buXLqzL6ws_48_960x540.hls/._stream_3data000002.ts
Skipping macOS metadata: __MACOSX/BusinessCommunication/story_content/video_6buXLqzL6ws_48_960x540.hls/._stream_0data000014.ts
Skipping macOS metadata: __MACOSX/BusinessCommunication/story_content/video_6buXLqzL6ws_48_960x540.hls/._stream_3data000022.ts
Skipping macOS metadata: __MACOSX/BusinessCommunication/story_content/video_6buXLqzL6ws_48_960x540.hls/._stream_3data000016.ts
Skipping macOS metadata: __MACOSX/BusinessCommunication/story_content/video_6buXLqzL6ws_48_960x540.hls/._stream_0data000000.ts
Skipping macOS metadata: __MACOSX/BusinessCommunication/story_content/video_6buXLqzL6ws_48_960x540.hls/._stream_2data000003.ts
Skipping macOS metadata: __MACOSX/BusinessCommunication/story_content/video_6buXLqzL6ws_48_960x540.hls/._stream_1data000015.ts
Skipping macOS metadata: __MACOSX/BusinessCommunication/story_content/video_6buXLqzL6ws_48_960x540.hls/._stream_1data000021.ts
Skipping macOS metadata: __MACOSX/BusinessCommunication/story_content/video_6buXLqzL6ws_48_960x540.hls/._stream_1data000005.ts
Skipping macOS metadata: __MACOSX/BusinessCommunication/story_content/video_6buXLqzL6ws_48_960x540.hls/._stream_2data000013.ts
Skipping macOS metadata: __MACOSX/BusinessCommunication/story_content/video_6buXLqzL6ws_48_960x540.hls/._stream_0data000010.ts
Skipping macOS metadata: __MACOSX/BusinessCommunication/story_content/video_6buXLqzL6ws_48_960x540.hls/._stream_3data000006.ts
Skipping macOS metadata: __MACOSX/BusinessCommunication/story_content/video_6buXLqzL6ws_48_960x540.hls/._stream_0data000024.ts
Skipping macOS metadata: __MACOSX/BusinessCommunication/story_content/video_6buXLqzL6ws_48_960x540.hls/._stream_3data000023.ts
Skipping macOS metadata: __MACOSX/BusinessCommunication/story_content/video_6buXLqzL6ws_48_960x540.hls/._stream_3data000017.ts
Skipping macOS metadata: __MACOSX/BusinessCommunication/story_content/video_6buXLqzL6ws_48_960x540.hls/._stream_0data000001.ts
Skipping macOS metadata: __MACOSX/BusinessCommunication/story_content/video_6buXLqzL6ws_48_960x540.hls/._stream_2data000002.ts
Skipping macOS metadata: __MACOSX/BusinessCommunication/story_content/video_6buXLqzL6ws_48_960x540.hls/._stream_1data000014.ts
Skipping macOS metadata: __MACOSX/BusinessCommunication/story_content/video_6buXLqzL6ws_48_960x540.hls/._stream_1data000020.ts
Skipping macOS metadata: __MACOSX/BusinessCommunication/story_content/video_6buXLqzL6ws_48_960x540.hls/._stream_1data000004.ts
Skipping macOS metadata: __MACOSX/BusinessCommunication/story_content/video_6buXLqzL6ws_48_960x540.hls/._stream_2data000012.ts
Skipping macOS metadata: __MACOSX/BusinessCommunication/story_content/video_6buXLqzL6ws_48_960x540.hls/._stream_0data000011.ts
Skipping macOS metadata: __MACOSX/BusinessCommunication/story_content/video_6buXLqzL6ws_48_960x540.hls/._stream_3data000007.ts
Skipping macOS metadata: __MACOSX/BusinessCommunication/story_content/video_6buXLqzL6ws_48_960x540.hls/._stream_0data000025.ts
Skipping macOS metadata: __MACOSX/BusinessCommunication/story_content/video_6buXLqzL6ws_48_960x540.hls/._stream_0data000005.ts
Skipping macOS metadata: __MACOSX/BusinessCommunication/story_content/video_6buXLqzL6ws_48_960x540.hls/._stream_3data000013.ts
Skipping macOS metadata: __MACOSX/BusinessCommunication/story_content/video_6buXLqzL6ws_48_960x540.hls/._stream_1data000024.ts
Skipping macOS metadata: __MACOSX/BusinessCommunication/story_content/video_6buXLqzL6ws_48_960x540.hls/._stream_1data000010.ts
Skipping macOS metadata: __MACOSX/BusinessCommunication/story_content/video_6buXLqzL6ws_48_960x540.hls/._stream_2data000006.ts
Skipping macOS metadata: __MACOSX/BusinessCommunication/story_content/video_6buXLqzL6ws_48_960x540.hls/._stream_2data000016.ts
Skipping macOS metadata: __MACOSX/BusinessCommunication/story_content/video_6buXLqzL6ws_48_960x540.hls/._stream_1data000000.ts
Skipping macOS metadata: __MACOSX/BusinessCommunication/story_content/video_6buXLqzL6ws_48_960x540.hls/._stream_2data000022.ts
Skipping macOS metadata: __MACOSX/BusinessCommunication/story_content/video_6buXLqzL6ws_48_960x540.hls/._stream_0data000021.ts
Skipping macOS metadata: __MACOSX/BusinessCommunication/story_content/video_6buXLqzL6ws_48_960x540.hls/._stream_3data000003.ts
Skipping macOS metadata: __MACOSX/BusinessCommunication/story_content/video_6buXLqzL6ws_48_960x540.hls/._stream_0data000015.ts
Skipping macOS metadata: __MACOSX/BusinessCommunication/story_content/video_6buXLqzL6ws_48_960x540.hls/._stream_3data000018.ts
Skipping macOS metadata: __MACOSX/BusinessCommunication/story_content/video_6buXLqzL6ws_48_960x540.hls/._stream_3data000008.ts
Skipping macOS metadata: __MACOSX/BusinessCommunication/story_content/video_6buXLqzL6ws_48_960x540.hls/._stream_1.m3u8
Skipping macOS metadata: __MACOSX/BusinessCommunication/story_content/video_6buXLqzL6ws_48_960x540.hls/._stream_2data000009.ts
Skipping macOS metadata: __MACOSX/BusinessCommunication/story_content/video_6buXLqzL6ws_48_960x540.hls/._stream_2data000019.ts
Skipping macOS metadata: __MACOSX/BusinessCommunication/story_content/video_6buXLqzL6ws_48_960x540.hls/._stream_2data000008.ts
Skipping macOS metadata: __MACOSX/BusinessCommunication/story_content/video_6buXLqzL6ws_48_960x540.hls/._stream_2data000018.ts
Skipping macOS metadata: __MACOSX/BusinessCommunication/story_content/video_6buXLqzL6ws_48_960x540.hls/._stream_0.m3u8
Skipping macOS metadata: __MACOSX/BusinessCommunication/story_content/video_6buXLqzL6ws_48_960x540.hls/._stream_3data000019.ts
Skipping macOS metadata: __MACOSX/BusinessCommunication/story_content/video_6buXLqzL6ws_48_960x540.hls/._main.m3u8
Skipping macOS metadata: __MACOSX/BusinessCommunication/story_content/video_6buXLqzL6ws_48_960x540.hls/._stream_3data000009.ts
Skipping macOS metadata: __MACOSX/BusinessCommunication/story_content/video_6Se0NdJdeyh_48_1920x1080.hls/._stream_3.m3u8
Skipping macOS metadata: __MACOSX/BusinessCommunication/story_content/video_6Se0NdJdeyh_48_1920x1080.hls/._stream_2.m3u8
Skipping macOS metadata: __MACOSX/BusinessCommunication/story_content/video_6Se0NdJdeyh_48_1920x1080.hls/._stream_0data000002.ts
Skipping macOS metadata: __MACOSX/BusinessCommunication/story_content/video_6Se0NdJdeyh_48_1920x1080.hls/._stream_2data000001.ts
Skipping macOS metadata: __MACOSX/BusinessCommunication/story_content/video_6Se0NdJdeyh_48_1920x1080.hls/._stream_3data000004.ts
Skipping macOS metadata: __MACOSX/BusinessCommunication/story_content/video_6Se0NdJdeyh_48_1920x1080.hls/._stream_2data000005.ts
Skipping macOS metadata: __MACOSX/BusinessCommunication/story_content/video_6Se0NdJdeyh_48_1920x1080.hls/._stream_1data000003.ts
Skipping macOS metadata: __MACOSX/BusinessCommunication/story_content/video_6Se0NdJdeyh_48_1920x1080.hls/._stream_3data000000.ts
Skipping macOS metadata: __MACOSX/BusinessCommunication/story_content/video_6Se0NdJdeyh_48_1920x1080.hls/._stream_2data000004.ts
Skipping macOS metadata: __MACOSX/BusinessCommunication/story_content/video_6Se0NdJdeyh_48_1920x1080.hls/._stream_1data000002.ts
Skipping macOS metadata: __MACOSX/BusinessCommunication/story_content/video_6Se0NdJdeyh_48_1920x1080.hls/._stream_3data000001.ts
Skipping macOS metadata: __MACOSX/BusinessCommunication/story_content/video_6Se0NdJdeyh_48_1920x1080.hls/._stream_0data000003.ts
Skipping macOS metadata: __MACOSX/BusinessCommunication/story_content/video_6Se0NdJdeyh_48_1920x1080.hls/._stream_2data000000.ts
Skipping macOS metadata: __MACOSX/BusinessCommunication/story_content/video_6Se0NdJdeyh_48_1920x1080.hls/._stream_3data000005.ts
Skipping macOS metadata: __MACOSX/BusinessCommunication/story_content/video_6Se0NdJdeyh_48_1920x1080.hls/._stream_0data000004.ts
Skipping macOS metadata: __MACOSX/BusinessCommunication/story_content/video_6Se0NdJdeyh_48_1920x1080.hls/._stream_1data000001.ts
Skipping macOS metadata: __MACOSX/BusinessCommunication/story_content/video_6Se0NdJdeyh_48_1920x1080.hls/._stream_3data000002.ts
Skipping macOS metadata: __MACOSX/BusinessCommunication/story_content/video_6Se0NdJdeyh_48_1920x1080.hls/._stream_0data000000.ts
Skipping macOS metadata: __MACOSX/BusinessCommunication/story_content/video_6Se0NdJdeyh_48_1920x1080.hls/._stream_2data000003.ts
Skipping macOS metadata: __MACOSX/BusinessCommunication/story_content/video_6Se0NdJdeyh_48_1920x1080.hls/._stream_1data000005.ts
Skipping macOS metadata: __MACOSX/BusinessCommunication/story_content/video_6Se0NdJdeyh_48_1920x1080.hls/._stream_0data000001.ts
Skipping macOS metadata: __MACOSX/BusinessCommunication/story_content/video_6Se0NdJdeyh_48_1920x1080.hls/._stream_2data000002.ts
Skipping macOS metadata: __MACOSX/BusinessCommunication/story_content/video_6Se0NdJdeyh_48_1920x1080.hls/._stream_1data000004.ts
Skipping macOS metadata: __MACOSX/BusinessCommunication/story_content/video_6Se0NdJdeyh_48_1920x1080.hls/._stream_0data000005.ts
Skipping macOS metadata: __MACOSX/BusinessCommunication/story_content/video_6Se0NdJdeyh_48_1920x1080.hls/._stream_1data000000.ts
Skipping macOS metadata: __MACOSX/BusinessCommunication/story_content/video_6Se0NdJdeyh_48_1920x1080.hls/._stream_3data000003.ts
Skipping macOS metadata: __MACOSX/BusinessCommunication/story_content/video_6Se0NdJdeyh_48_1920x1080.hls/._stream_1.m3u8
Skipping macOS metadata: __MACOSX/BusinessCommunication/story_content/video_6Se0NdJdeyh_48_1920x1080.hls/._stream_0.m3u8
Skipping macOS metadata: __MACOSX/BusinessCommunication/story_content/video_6Se0NdJdeyh_48_1920x1080.hls/._main.m3u8
Skipping macOS metadata: __MACOSX/BusinessCommunication/story_content/video_6CqsnbjFuU7_48_290x516.hls/._stream_3.m3u8
Skipping macOS metadata: __MACOSX/BusinessCommunication/story_content/video_6CqsnbjFuU7_48_290x516.hls/._stream_0data000008.ts
Skipping macOS metadata: __MACOSX/BusinessCommunication/story_content/video_6CqsnbjFuU7_48_290x516.hls/._stream_1data000008.ts
Skipping macOS metadata: __MACOSX/BusinessCommunication/story_content/video_6CqsnbjFuU7_48_290x516.hls/._stream_2.m3u8
Skipping macOS metadata: __MACOSX/BusinessCommunication/story_content/video_6CqsnbjFuU7_48_290x516.hls/._stream_0data000002.ts
Skipping macOS metadata: __MACOSX/BusinessCommunication/story_content/video_6CqsnbjFuU7_48_290x516.hls/._stream_2data000001.ts
Skipping macOS metadata: __MACOSX/BusinessCommunication/story_content/video_6CqsnbjFuU7_48_290x516.hls/._stream_1data000007.ts
Skipping macOS metadata: __MACOSX/BusinessCommunication/story_content/video_6CqsnbjFuU7_48_290x516.hls/._stream_3data000004.ts
Skipping macOS metadata: __MACOSX/BusinessCommunication/story_content/video_6CqsnbjFuU7_48_290x516.hls/._stream_0data000006.ts
Skipping macOS metadata: __MACOSX/BusinessCommunication/story_content/video_6CqsnbjFuU7_48_290x516.hls/._stream_2data000005.ts
Skipping macOS metadata: __MACOSX/BusinessCommunication/story_content/video_6CqsnbjFuU7_48_290x516.hls/._stream_1data000003.ts
Skipping macOS metadata: __MACOSX/BusinessCommunication/story_content/video_6CqsnbjFuU7_48_290x516.hls/._stream_3data000000.ts
Skipping macOS metadata: __MACOSX/BusinessCommunication/story_content/video_6CqsnbjFuU7_48_290x516.hls/._stream_0data000007.ts
Skipping macOS metadata: __MACOSX/BusinessCommunication/story_content/video_6CqsnbjFuU7_48_290x516.hls/._stream_2data000004.ts
Skipping macOS metadata: __MACOSX/BusinessCommunication/story_content/video_6CqsnbjFuU7_48_290x516.hls/._stream_1data000002.ts
Skipping macOS metadata: __MACOSX/BusinessCommunication/story_content/video_6CqsnbjFuU7_48_290x516.hls/._stream_3data000001.ts
Skipping macOS metadata: __MACOSX/BusinessCommunication/story_content/video_6CqsnbjFuU7_48_290x516.hls/._stream_0data000003.ts
Skipping macOS metadata: __MACOSX/BusinessCommunication/story_content/video_6CqsnbjFuU7_48_290x516.hls/._stream_2data000000.ts
Skipping macOS metadata: __MACOSX/BusinessCommunication/story_content/video_6CqsnbjFuU7_48_290x516.hls/._stream_1data000006.ts
Skipping macOS metadata: __MACOSX/BusinessCommunication/story_content/video_6CqsnbjFuU7_48_290x516.hls/._stream_3data000005.ts
Skipping macOS metadata: __MACOSX/BusinessCommunication/story_content/video_6CqsnbjFuU7_48_290x516.hls/._stream_0data000004.ts
Skipping macOS metadata: __MACOSX/BusinessCommunication/story_content/video_6CqsnbjFuU7_48_290x516.hls/._stream_2data000007.ts
Skipping macOS metadata: __MACOSX/BusinessCommunication/story_content/video_6CqsnbjFuU7_48_290x516.hls/._stream_1data000001.ts
Skipping macOS metadata: __MACOSX/BusinessCommunication/story_content/video_6CqsnbjFuU7_48_290x516.hls/._stream_3data000002.ts
Skipping macOS metadata: __MACOSX/BusinessCommunication/story_content/video_6CqsnbjFuU7_48_290x516.hls/._stream_0data000000.ts
Skipping macOS metadata: __MACOSX/BusinessCommunication/story_content/video_6CqsnbjFuU7_48_290x516.hls/._stream_2data000003.ts
Skipping macOS metadata: __MACOSX/BusinessCommunication/story_content/video_6CqsnbjFuU7_48_290x516.hls/._stream_1data000005.ts
Skipping macOS metadata: __MACOSX/BusinessCommunication/story_content/video_6CqsnbjFuU7_48_290x516.hls/._stream_3data000006.ts
Skipping macOS metadata: __MACOSX/BusinessCommunication/story_content/video_6CqsnbjFuU7_48_290x516.hls/._stream_0data000001.ts
Skipping macOS metadata: __MACOSX/BusinessCommunication/story_content/video_6CqsnbjFuU7_48_290x516.hls/._stream_2data000002.ts
Skipping macOS metadata: __MACOSX/BusinessCommunication/story_content/video_6CqsnbjFuU7_48_290x516.hls/._stream_1data000004.ts
Skipping macOS metadata: __MACOSX/BusinessCommunication/story_content/video_6CqsnbjFuU7_48_290x516.hls/._stream_3data000007.ts
Skipping macOS metadata: __MACOSX/BusinessCommunication/story_content/video_6CqsnbjFuU7_48_290x516.hls/._stream_0data000005.ts
Skipping macOS metadata: __MACOSX/BusinessCommunication/story_content/video_6CqsnbjFuU7_48_290x516.hls/._stream_2data000006.ts
Skipping macOS metadata: __MACOSX/BusinessCommunication/story_content/video_6CqsnbjFuU7_48_290x516.hls/._stream_1data000000.ts
Skipping macOS metadata: __MACOSX/BusinessCommunication/story_content/video_6CqsnbjFuU7_48_290x516.hls/._stream_3data000003.ts
Skipping macOS metadata: __MACOSX/BusinessCommunication/story_content/video_6CqsnbjFuU7_48_290x516.hls/._stream_3data000008.ts
Skipping macOS metadata: __MACOSX/BusinessCommunication/story_content/video_6CqsnbjFuU7_48_290x516.hls/._stream_1.m3u8
Skipping macOS metadata: __MACOSX/BusinessCommunication/story_content/video_6CqsnbjFuU7_48_290x516.hls/._stream_2data000008.ts
Skipping macOS metadata: __MACOSX/BusinessCommunication/story_content/video_6CqsnbjFuU7_48_290x516.hls/._stream_0.m3u8
Skipping macOS metadata: __MACOSX/BusinessCommunication/story_content/video_6CqsnbjFuU7_48_290x516.hls/._main.m3u8
Skipping macOS metadata: __MACOSX/BusinessCommunication/story_content/video_6QdUM9Yuq7u_48_960x540.hls/._stream_3.m3u8
Skipping macOS metadata: __MACOSX/BusinessCommunication/story_content/video_6QdUM9Yuq7u_48_960x540.hls/._stream_2.m3u8
Skipping macOS metadata: __MACOSX/BusinessCommunication/story_content/video_6QdUM9Yuq7u_48_960x540.hls/._stream_0data000002.ts
Skipping macOS metadata: __MACOSX/BusinessCommunication/story_content/video_6QdUM9Yuq7u_48_960x540.hls/._stream_2data000001.ts
Skipping macOS metadata: __MACOSX/BusinessCommunication/story_content/video_6QdUM9Yuq7u_48_960x540.hls/._stream_3data000000.ts
Skipping macOS metadata: __MACOSX/BusinessCommunication/story_content/video_6QdUM9Yuq7u_48_960x540.hls/._stream_1data000002.ts
Skipping macOS metadata: __MACOSX/BusinessCommunication/story_content/video_6QdUM9Yuq7u_48_960x540.hls/._stream_3data000001.ts
Skipping macOS metadata: __MACOSX/BusinessCommunication/story_content/video_6QdUM9Yuq7u_48_960x540.hls/._stream_2data000000.ts
Skipping macOS metadata: __MACOSX/BusinessCommunication/story_content/video_6QdUM9Yuq7u_48_960x540.hls/._stream_1data000001.ts
Skipping macOS metadata: __MACOSX/BusinessCommunication/story_content/video_6QdUM9Yuq7u_48_960x540.hls/._stream_3data000002.ts
Skipping macOS metadata: __MACOSX/BusinessCommunication/story_content/video_6QdUM9Yuq7u_48_960x540.hls/._stream_0data000000.ts
Skipping macOS metadata: __MACOSX/BusinessCommunication/story_content/video_6QdUM9Yuq7u_48_960x540.hls/._stream_0data000001.ts
Skipping macOS metadata: __MACOSX/BusinessCommunication/story_content/video_6QdUM9Yuq7u_48_960x540.hls/._stream_2data000002.ts
Skipping macOS metadata: __MACOSX/BusinessCommunication/story_content/video_6QdUM9Yuq7u_48_960x540.hls/._stream_1data000000.ts
Skipping macOS metadata: __MACOSX/BusinessCommunication/story_content/video_6QdUM9Yuq7u_48_960x540.hls/._stream_1.m3u8
Skipping macOS metadata: __MACOSX/BusinessCommunication/story_content/video_6QdUM9Yuq7u_48_960x540.hls/._stream_0.m3u8
Skipping macOS metadata: __MACOSX/BusinessCommunication/story_content/video_6QdUM9Yuq7u_48_960x540.hls/._main.m3u8
Skipping macOS metadata: __MACOSX/BusinessCommunication/story_content/video_6CqsnbjFuU7_48_256x456.hls/._stream_3.m3u8
Skipping macOS metadata: __MACOSX/BusinessCommunication/story_content/video_6CqsnbjFuU7_48_256x456.hls/._stream_0data000008.ts
Skipping macOS metadata: __MACOSX/BusinessCommunication/story_content/video_6CqsnbjFuU7_48_256x456.hls/._stream_1data000008.ts
Skipping macOS metadata: __MACOSX/BusinessCommunication/story_content/video_6CqsnbjFuU7_48_256x456.hls/._stream_2.m3u8
Skipping macOS metadata: __MACOSX/BusinessCommunication/story_content/video_6CqsnbjFuU7_48_256x456.hls/._stream_0data000002.ts
Skipping macOS metadata: __MACOSX/BusinessCommunication/story_content/video_6CqsnbjFuU7_48_256x456.hls/._stream_2data000001.ts
Skipping macOS metadata: __MACOSX/BusinessCommunication/story_content/video_6CqsnbjFuU7_48_256x456.hls/._stream_1data000007.ts
Skipping macOS metadata: __MACOSX/BusinessCommunication/story_content/video_6CqsnbjFuU7_48_256x456.hls/._stream_3data000004.ts
Skipping macOS metadata: __MACOSX/BusinessCommunication/story_content/video_6CqsnbjFuU7_48_256x456.hls/._stream_0data000006.ts
Skipping macOS metadata: __MACOSX/BusinessCommunication/story_content/video_6CqsnbjFuU7_48_256x456.hls/._stream_2data000005.ts
Skipping macOS metadata: __MACOSX/BusinessCommunication/story_content/video_6CqsnbjFuU7_48_256x456.hls/._stream_1data000003.ts
Skipping macOS metadata: __MACOSX/BusinessCommunication/story_content/video_6CqsnbjFuU7_48_256x456.hls/._stream_3data000000.ts
Skipping macOS metadata: __MACOSX/BusinessCommunication/story_content/video_6CqsnbjFuU7_48_256x456.hls/._stream_0data000007.ts
Skipping macOS metadata: __MACOSX/BusinessCommunication/story_content/video_6CqsnbjFuU7_48_256x456.hls/._stream_2data000004.ts
Skipping macOS metadata: __MACOSX/BusinessCommunication/story_content/video_6CqsnbjFuU7_48_256x456.hls/._stream_1data000002.ts
Skipping macOS metadata: __MACOSX/BusinessCommunication/story_content/video_6CqsnbjFuU7_48_256x456.hls/._stream_3data000001.ts
Skipping macOS metadata: __MACOSX/BusinessCommunication/story_content/video_6CqsnbjFuU7_48_256x456.hls/._stream_0data000003.ts
Skipping macOS metadata: __MACOSX/BusinessCommunication/story_content/video_6CqsnbjFuU7_48_256x456.hls/._stream_2data000000.ts
Skipping macOS metadata: __MACOSX/BusinessCommunication/story_content/video_6CqsnbjFuU7_48_256x456.hls/._stream_1data000006.ts
Skipping macOS metadata: __MACOSX/BusinessCommunication/story_content/video_6CqsnbjFuU7_48_256x456.hls/._stream_3data000005.ts
Skipping macOS metadata: __MACOSX/BusinessCommunication/story_content/video_6CqsnbjFuU7_48_256x456.hls/._stream_0data000004.ts
Skipping macOS metadata: __MACOSX/BusinessCommunication/story_content/video_6CqsnbjFuU7_48_256x456.hls/._stream_2data000007.ts
Skipping macOS metadata: __MACOSX/BusinessCommunication/story_content/video_6CqsnbjFuU7_48_256x456.hls/._stream_1data000001.ts
Skipping macOS metadata: __MACOSX/BusinessCommunication/story_content/video_6CqsnbjFuU7_48_256x456.hls/._stream_3data000002.ts
Skipping macOS metadata: __MACOSX/BusinessCommunication/story_content/video_6CqsnbjFuU7_48_256x456.hls/._stream_0data000000.ts
Skipping macOS metadata: __MACOSX/BusinessCommunication/story_content/video_6CqsnbjFuU7_48_256x456.hls/._stream_2data000003.ts
Skipping macOS metadata: __MACOSX/BusinessCommunication/story_content/video_6CqsnbjFuU7_48_256x456.hls/._stream_1data000005.ts
Skipping macOS metadata: __MACOSX/BusinessCommunication/story_content/video_6CqsnbjFuU7_48_256x456.hls/._stream_3data000006.ts
Skipping macOS metadata: __MACOSX/BusinessCommunication/story_content/video_6CqsnbjFuU7_48_256x456.hls/._stream_0data000001.ts
Skipping macOS metadata: __MACOSX/BusinessCommunication/story_content/video_6CqsnbjFuU7_48_256x456.hls/._stream_2data000002.ts
Skipping macOS metadata: __MACOSX/BusinessCommunication/story_content/video_6CqsnbjFuU7_48_256x456.hls/._stream_1data000004.ts
Skipping macOS metadata: __MACOSX/BusinessCommunication/story_content/video_6CqsnbjFuU7_48_256x456.hls/._stream_3data000007.ts
Skipping macOS metadata: __MACOSX/BusinessCommunication/story_content/video_6CqsnbjFuU7_48_256x456.hls/._stream_0data000005.ts
Skipping macOS metadata: __MACOSX/BusinessCommunication/story_content/video_6CqsnbjFuU7_48_256x456.hls/._stream_2data000006.ts
Skipping macOS metadata: __MACOSX/BusinessCommunication/story_content/video_6CqsnbjFuU7_48_256x456.hls/._stream_1data000000.ts
Skipping macOS metadata: __MACOSX/BusinessCommunication/story_content/video_6CqsnbjFuU7_48_256x456.hls/._stream_3data000003.ts
Skipping macOS metadata: __MACOSX/BusinessCommunication/story_content/video_6CqsnbjFuU7_48_256x456.hls/._stream_3data000008.ts
Skipping macOS metadata: __MACOSX/BusinessCommunication/story_content/video_6CqsnbjFuU7_48_256x456.hls/._stream_1.m3u8
Skipping macOS metadata: __MACOSX/BusinessCommunication/story_content/video_6CqsnbjFuU7_48_256x456.hls/._stream_2data000008.ts
Skipping macOS metadata: __MACOSX/BusinessCommunication/story_content/video_6CqsnbjFuU7_48_256x456.hls/._stream_0.m3u8
Skipping macOS metadata: __MACOSX/BusinessCommunication/story_content/video_6CqsnbjFuU7_48_256x456.hls/._main.m3u8
Skipping macOS metadata: __MACOSX/BusinessCommunication/story_content/video_5qAwEjJY1Jw_48_960x540.hls/._stream_3.m3u8
Skipping macOS metadata: __MACOSX/BusinessCommunication/story_content/video_5qAwEjJY1Jw_48_960x540.hls/._stream_0data000008.ts
Skipping macOS metadata: __MACOSX/BusinessCommunication/story_content/video_5qAwEjJY1Jw_48_960x540.hls/._stream_1data000008.ts
Skipping macOS metadata: __MACOSX/BusinessCommunication/story_content/video_5qAwEjJY1Jw_48_960x540.hls/._stream_2.m3u8
Skipping macOS metadata: __MACOSX/BusinessCommunication/story_content/video_5qAwEjJY1Jw_48_960x540.hls/._stream_0data000002.ts
Skipping macOS metadata: __MACOSX/BusinessCommunication/story_content/video_5qAwEjJY1Jw_48_960x540.hls/._stream_2data000001.ts
Skipping macOS metadata: __MACOSX/BusinessCommunication/story_content/video_5qAwEjJY1Jw_48_960x540.hls/._stream_1data000007.ts
Skipping macOS metadata: __MACOSX/BusinessCommunication/story_content/video_5qAwEjJY1Jw_48_960x540.hls/._stream_3data000004.ts
Skipping macOS metadata: __MACOSX/BusinessCommunication/story_content/video_5qAwEjJY1Jw_48_960x540.hls/._stream_0data000006.ts
Skipping macOS metadata: __MACOSX/BusinessCommunication/story_content/video_5qAwEjJY1Jw_48_960x540.hls/._stream_2data000005.ts
Skipping macOS metadata: __MACOSX/BusinessCommunication/story_content/video_5qAwEjJY1Jw_48_960x540.hls/._stream_1data000003.ts
Skipping macOS metadata: __MACOSX/BusinessCommunication/story_content/video_5qAwEjJY1Jw_48_960x540.hls/._stream_3data000000.ts
Skipping macOS metadata: __MACOSX/BusinessCommunication/story_content/video_5qAwEjJY1Jw_48_960x540.hls/._stream_0data000007.ts
Skipping macOS metadata: __MACOSX/BusinessCommunication/story_content/video_5qAwEjJY1Jw_48_960x540.hls/._stream_2data000004.ts
Skipping macOS metadata: __MACOSX/BusinessCommunication/story_content/video_5qAwEjJY1Jw_48_960x540.hls/._stream_1data000002.ts
Skipping macOS metadata: __MACOSX/BusinessCommunication/story_content/video_5qAwEjJY1Jw_48_960x540.hls/._stream_3data000001.ts
Skipping macOS metadata: __MACOSX/BusinessCommunication/story_content/video_5qAwEjJY1Jw_48_960x540.hls/._stream_0data000003.ts
Skipping macOS metadata: __MACOSX/BusinessCommunication/story_content/video_5qAwEjJY1Jw_48_960x540.hls/._stream_2data000000.ts
Skipping macOS metadata: __MACOSX/BusinessCommunication/story_content/video_5qAwEjJY1Jw_48_960x540.hls/._stream_1data000006.ts
Skipping macOS metadata: __MACOSX/BusinessCommunication/story_content/video_5qAwEjJY1Jw_48_960x540.hls/._stream_3data000005.ts
Skipping macOS metadata: __MACOSX/BusinessCommunication/story_content/video_5qAwEjJY1Jw_48_960x540.hls/._stream_0data000004.ts
Skipping macOS metadata: __MACOSX/BusinessCommunication/story_content/video_5qAwEjJY1Jw_48_960x540.hls/._stream_2data000007.ts
Skipping macOS metadata: __MACOSX/BusinessCommunication/story_content/video_5qAwEjJY1Jw_48_960x540.hls/._stream_1data000001.ts
Skipping macOS metadata: __MACOSX/BusinessCommunication/story_content/video_5qAwEjJY1Jw_48_960x540.hls/._stream_3data000002.ts
Skipping macOS metadata: __MACOSX/BusinessCommunication/story_content/video_5qAwEjJY1Jw_48_960x540.hls/._stream_0data000000.ts
Skipping macOS metadata: __MACOSX/BusinessCommunication/story_content/video_5qAwEjJY1Jw_48_960x540.hls/._stream_2data000003.ts
Skipping macOS metadata: __MACOSX/BusinessCommunication/story_content/video_5qAwEjJY1Jw_48_960x540.hls/._stream_1data000005.ts
Skipping macOS metadata: __MACOSX/BusinessCommunication/story_content/video_5qAwEjJY1Jw_48_960x540.hls/._stream_3data000006.ts
Skipping macOS metadata: __MACOSX/BusinessCommunication/story_content/video_5qAwEjJY1Jw_48_960x540.hls/._stream_0data000001.ts
Skipping macOS metadata: __MACOSX/BusinessCommunication/story_content/video_5qAwEjJY1Jw_48_960x540.hls/._stream_2data000002.ts
Skipping macOS metadata: __MACOSX/BusinessCommunication/story_content/video_5qAwEjJY1Jw_48_960x540.hls/._stream_1data000004.ts
Skipping macOS metadata: __MACOSX/BusinessCommunication/story_content/video_5qAwEjJY1Jw_48_960x540.hls/._stream_3data000007.ts
Skipping macOS metadata: __MACOSX/BusinessCommunication/story_content/video_5qAwEjJY1Jw_48_960x540.hls/._stream_0data000005.ts
Skipping macOS metadata: __MACOSX/BusinessCommunication/story_content/video_5qAwEjJY1Jw_48_960x540.hls/._stream_2data000006.ts
Skipping macOS metadata: __MACOSX/BusinessCommunication/story_content/video_5qAwEjJY1Jw_48_960x540.hls/._stream_1data000000.ts
Skipping macOS metadata: __MACOSX/BusinessCommunication/story_content/video_5qAwEjJY1Jw_48_960x540.hls/._stream_3data000003.ts
Skipping macOS metadata: __MACOSX/BusinessCommunication/story_content/video_5qAwEjJY1Jw_48_960x540.hls/._stream_3data000008.ts
Skipping macOS metadata: __MACOSX/BusinessCommunication/story_content/video_5qAwEjJY1Jw_48_960x540.hls/._stream_1.m3u8
Skipping macOS metadata: __MACOSX/BusinessCommunication/story_content/video_5qAwEjJY1Jw_48_960x540.hls/._stream_2data000008.ts
Skipping macOS metadata: __MACOSX/BusinessCommunication/story_content/video_5qAwEjJY1Jw_48_960x540.hls/._stream_0.m3u8
Skipping macOS metadata: __MACOSX/BusinessCommunication/story_content/video_5qAwEjJY1Jw_48_960x540.hls/._main.m3u8
Skipping macOS metadata: __MACOSX/BusinessCommunication/story_content/video_6f3JrOa8xta_48_462x260.hls/._stream_3.m3u8
Skipping macOS metadata: __MACOSX/BusinessCommunication/story_content/video_6f3JrOa8xta_48_462x260.hls/._stream_2.m3u8
Skipping macOS metadata: __MACOSX/BusinessCommunication/story_content/video_6f3JrOa8xta_48_462x260.hls/._stream_0data000002.ts
Skipping macOS metadata: __MACOSX/BusinessCommunication/story_content/video_6f3JrOa8xta_48_462x260.hls/._stream_2data000001.ts
Skipping macOS metadata: __MACOSX/BusinessCommunication/story_content/video_6f3JrOa8xta_48_462x260.hls/._stream_1data000003.ts
Skipping macOS metadata: __MACOSX/BusinessCommunication/story_content/video_6f3JrOa8xta_48_462x260.hls/._stream_3data000000.ts
Skipping macOS metadata: __MACOSX/BusinessCommunication/story_content/video_6f3JrOa8xta_48_462x260.hls/._stream_1data000002.ts
Skipping macOS metadata: __MACOSX/BusinessCommunication/story_content/video_6f3JrOa8xta_48_462x260.hls/._stream_3data000001.ts
Skipping macOS metadata: __MACOSX/BusinessCommunication/story_content/video_6f3JrOa8xta_48_462x260.hls/._stream_0data000003.ts
Skipping macOS metadata: __MACOSX/BusinessCommunication/story_content/video_6f3JrOa8xta_48_462x260.hls/._stream_2data000000.ts
Skipping macOS metadata: __MACOSX/BusinessCommunication/story_content/video_6f3JrOa8xta_48_462x260.hls/._stream_0data000004.ts
Skipping macOS metadata: __MACOSX/BusinessCommunication/story_content/video_6f3JrOa8xta_48_462x260.hls/._stream_1data000001.ts
Skipping macOS metadata: __MACOSX/BusinessCommunication/story_content/video_6f3JrOa8xta_48_462x260.hls/._stream_3data000002.ts
Skipping macOS metadata: __MACOSX/BusinessCommunication/story_content/video_6f3JrOa8xta_48_462x260.hls/._stream_0data000000.ts
Skipping macOS metadata: __MACOSX/BusinessCommunication/story_content/video_6f3JrOa8xta_48_462x260.hls/._stream_2data000003.ts
Skipping macOS metadata: __MACOSX/BusinessCommunication/story_content/video_6f3JrOa8xta_48_462x260.hls/._stream_0data000001.ts
Skipping macOS metadata: __MACOSX/BusinessCommunication/story_content/video_6f3JrOa8xta_48_462x260.hls/._stream_2data000002.ts
Skipping macOS metadata: __MACOSX/BusinessCommunication/story_content/video_6f3JrOa8xta_48_462x260.hls/._stream_1data000000.ts
Skipping macOS metadata: __MACOSX/BusinessCommunication/story_content/video_6f3JrOa8xta_48_462x260.hls/._stream_3data000003.ts
Skipping macOS metadata: __MACOSX/BusinessCommunication/story_content/video_6f3JrOa8xta_48_462x260.hls/._stream_1.m3u8
Skipping macOS metadata: __MACOSX/BusinessCommunication/story_content/video_6f3JrOa8xta_48_462x260.hls/._stream_0.m3u8
Skipping macOS metadata: __MACOSX/BusinessCommunication/story_content/video_6f3JrOa8xta_48_462x260.hls/._main.m3u8
Skipping macOS metadata: __MACOSX/BusinessCommunication/story_content/video_5n84S0REjFi_48_960x540.hls/._stream_3.m3u8
Skipping macOS metadata: __MACOSX/BusinessCommunication/story_content/video_5n84S0REjFi_48_960x540.hls/._stream_0data000008.ts
Skipping macOS metadata: __MACOSX/BusinessCommunication/story_content/video_5n84S0REjFi_48_960x540.hls/._stream_1data000008.ts
Skipping macOS metadata: __MACOSX/BusinessCommunication/story_content/video_5n84S0REjFi_48_960x540.hls/._stream_2.m3u8
Skipping macOS metadata: __MACOSX/BusinessCommunication/story_content/video_5n84S0REjFi_48_960x540.hls/._stream_0data000002.ts
Skipping macOS metadata: __MACOSX/BusinessCommunication/story_content/video_5n84S0REjFi_48_960x540.hls/._stream_2data000001.ts
Skipping macOS metadata: __MACOSX/BusinessCommunication/story_content/video_5n84S0REjFi_48_960x540.hls/._stream_1data000007.ts
Skipping macOS metadata: __MACOSX/BusinessCommunication/story_content/video_5n84S0REjFi_48_960x540.hls/._stream_3data000004.ts
Skipping macOS metadata: __MACOSX/BusinessCommunication/story_content/video_5n84S0REjFi_48_960x540.hls/._stream_0data000006.ts
Skipping macOS metadata: __MACOSX/BusinessCommunication/story_content/video_5n84S0REjFi_48_960x540.hls/._stream_2data000005.ts
Skipping macOS metadata: __MACOSX/BusinessCommunication/story_content/video_5n84S0REjFi_48_960x540.hls/._stream_1data000003.ts
Skipping macOS metadata: __MACOSX/BusinessCommunication/story_content/video_5n84S0REjFi_48_960x540.hls/._stream_3data000000.ts
Skipping macOS metadata: __MACOSX/BusinessCommunication/story_content/video_5n84S0REjFi_48_960x540.hls/._stream_0data000007.ts
Skipping macOS metadata: __MACOSX/BusinessCommunication/story_content/video_5n84S0REjFi_48_960x540.hls/._stream_2data000004.ts
Skipping macOS metadata: __MACOSX/BusinessCommunication/story_content/video_5n84S0REjFi_48_960x540.hls/._stream_1data000002.ts
Skipping macOS metadata: __MACOSX/BusinessCommunication/story_content/video_5n84S0REjFi_48_960x540.hls/._stream_3data000001.ts
Skipping macOS metadata: __MACOSX/BusinessCommunication/story_content/video_5n84S0REjFi_48_960x540.hls/._stream_0data000003.ts
Skipping macOS metadata: __MACOSX/BusinessCommunication/story_content/video_5n84S0REjFi_48_960x540.hls/._stream_2data000000.ts
Skipping macOS metadata: __MACOSX/BusinessCommunication/story_content/video_5n84S0REjFi_48_960x540.hls/._stream_1data000006.ts
Skipping macOS metadata: __MACOSX/BusinessCommunication/story_content/video_5n84S0REjFi_48_960x540.hls/._stream_3data000005.ts
Skipping macOS metadata: __MACOSX/BusinessCommunication/story_content/video_5n84S0REjFi_48_960x540.hls/._stream_0data000004.ts
Skipping macOS metadata: __MACOSX/BusinessCommunication/story_content/video_5n84S0REjFi_48_960x540.hls/._stream_2data000007.ts
Skipping macOS metadata: __MACOSX/BusinessCommunication/story_content/video_5n84S0REjFi_48_960x540.hls/._stream_1data000001.ts
Skipping macOS metadata: __MACOSX/BusinessCommunication/story_content/video_5n84S0REjFi_48_960x540.hls/._stream_3data000002.ts
Skipping macOS metadata: __MACOSX/BusinessCommunication/story_content/video_5n84S0REjFi_48_960x540.hls/._stream_0data000000.ts
Skipping macOS metadata: __MACOSX/BusinessCommunication/story_content/video_5n84S0REjFi_48_960x540.hls/._stream_2data000003.ts
Skipping macOS metadata: __MACOSX/BusinessCommunication/story_content/video_5n84S0REjFi_48_960x540.hls/._stream_1data000005.ts
Skipping macOS metadata: __MACOSX/BusinessCommunication/story_content/video_5n84S0REjFi_48_960x540.hls/._stream_3data000006.ts
Skipping macOS metadata: __MACOSX/BusinessCommunication/story_content/video_5n84S0REjFi_48_960x540.hls/._stream_0data000001.ts
Skipping macOS metadata: __MACOSX/BusinessCommunication/story_content/video_5n84S0REjFi_48_960x540.hls/._stream_2data000002.ts
Skipping macOS metadata: __MACOSX/BusinessCommunication/story_content/video_5n84S0REjFi_48_960x540.hls/._stream_1data000004.ts
Skipping macOS metadata: __MACOSX/BusinessCommunication/story_content/video_5n84S0REjFi_48_960x540.hls/._stream_3data000007.ts
Skipping macOS metadata: __MACOSX/BusinessCommunication/story_content/video_5n84S0REjFi_48_960x540.hls/._stream_0data000005.ts
Skipping macOS metadata: __MACOSX/BusinessCommunication/story_content/video_5n84S0REjFi_48_960x540.hls/._stream_2data000006.ts
Skipping macOS metadata: __MACOSX/BusinessCommunication/story_content/video_5n84S0REjFi_48_960x540.hls/._stream_1data000000.ts
Skipping macOS metadata: __MACOSX/BusinessCommunication/story_content/video_5n84S0REjFi_48_960x540.hls/._stream_3data000003.ts
Skipping macOS metadata: __MACOSX/BusinessCommunication/story_content/video_5n84S0REjFi_48_960x540.hls/._stream_3data000008.ts
Skipping macOS metadata: __MACOSX/BusinessCommunication/story_content/video_5n84S0REjFi_48_960x540.hls/._stream_1.m3u8
Skipping macOS metadata: __MACOSX/BusinessCommunication/story_content/video_5n84S0REjFi_48_960x540.hls/._stream_2data000008.ts
Skipping macOS metadata: __MACOSX/BusinessCommunication/story_content/video_5n84S0REjFi_48_960x540.hls/._stream_0.m3u8
Skipping macOS metadata: __MACOSX/BusinessCommunication/story_content/video_5n84S0REjFi_48_960x540.hls/._main.m3u8
Skipping macOS metadata: __MACOSX/BusinessCommunication/story_content/video_63s3HZH7GCo_48_960x540.hls/._stream_3.m3u8
Skipping macOS metadata: __MACOSX/BusinessCommunication/story_content/video_63s3HZH7GCo_48_960x540.hls/._stream_2.m3u8
Skipping macOS metadata: __MACOSX/BusinessCommunication/story_content/video_63s3HZH7GCo_48_960x540.hls/._stream_0data000002.ts
Skipping macOS metadata: __MACOSX/BusinessCommunication/story_content/video_63s3HZH7GCo_48_960x540.hls/._stream_2data000001.ts
Skipping macOS metadata: __MACOSX/BusinessCommunication/story_content/video_63s3HZH7GCo_48_960x540.hls/._stream_3data000004.ts
Skipping macOS metadata: __MACOSX/BusinessCommunication/story_content/video_63s3HZH7GCo_48_960x540.hls/._stream_0data000006.ts
Skipping macOS metadata: __MACOSX/BusinessCommunication/story_content/video_63s3HZH7GCo_48_960x540.hls/._stream_2data000005.ts
Skipping macOS metadata: __MACOSX/BusinessCommunication/story_content/video_63s3HZH7GCo_48_960x540.hls/._stream_1data000003.ts
Skipping macOS metadata: __MACOSX/BusinessCommunication/story_content/video_63s3HZH7GCo_48_960x540.hls/._stream_3data000000.ts
Skipping macOS metadata: __MACOSX/BusinessCommunication/story_content/video_63s3HZH7GCo_48_960x540.hls/._stream_2data000004.ts
Skipping macOS metadata: __MACOSX/BusinessCommunication/story_content/video_63s3HZH7GCo_48_960x540.hls/._stream_1data000002.ts
Skipping macOS metadata: __MACOSX/BusinessCommunication/story_content/video_63s3HZH7GCo_48_960x540.hls/._stream_3data000001.ts
Skipping macOS metadata: __MACOSX/BusinessCommunication/story_content/video_63s3HZH7GCo_48_960x540.hls/._stream_0data000003.ts
Skipping macOS metadata: __MACOSX/BusinessCommunication/story_content/video_63s3HZH7GCo_48_960x540.hls/._stream_2data000000.ts
Skipping macOS metadata: __MACOSX/BusinessCommunication/story_content/video_63s3HZH7GCo_48_960x540.hls/._stream_1data000006.ts
Skipping macOS metadata: __MACOSX/BusinessCommunication/story_content/video_63s3HZH7GCo_48_960x540.hls/._stream_3data000005.ts
Skipping macOS metadata: __MACOSX/BusinessCommunication/story_content/video_63s3HZH7GCo_48_960x540.hls/._stream_0data000004.ts
Skipping macOS metadata: __MACOSX/BusinessCommunication/story_content/video_63s3HZH7GCo_48_960x540.hls/._stream_1data000001.ts
Skipping macOS metadata: __MACOSX/BusinessCommunication/story_content/video_63s3HZH7GCo_48_960x540.hls/._stream_3data000002.ts
Skipping macOS metadata: __MACOSX/BusinessCommunication/story_content/video_63s3HZH7GCo_48_960x540.hls/._stream_0data000000.ts
Skipping macOS metadata: __MACOSX/BusinessCommunication/story_content/video_63s3HZH7GCo_48_960x540.hls/._stream_2data000003.ts
Skipping macOS metadata: __MACOSX/BusinessCommunication/story_content/video_63s3HZH7GCo_48_960x540.hls/._stream_1data000005.ts
Skipping macOS metadata: __MACOSX/BusinessCommunication/story_content/video_63s3HZH7GCo_48_960x540.hls/._stream_3data000006.ts
Skipping macOS metadata: __MACOSX/BusinessCommunication/story_content/video_63s3HZH7GCo_48_960x540.hls/._stream_0data000001.ts
Skipping macOS metadata: __MACOSX/BusinessCommunication/story_content/video_63s3HZH7GCo_48_960x540.hls/._stream_2data000002.ts
Skipping macOS metadata: __MACOSX/BusinessCommunication/story_content/video_63s3HZH7GCo_48_960x540.hls/._stream_1data000004.ts
Skipping macOS metadata: __MACOSX/BusinessCommunication/story_content/video_63s3HZH7GCo_48_960x540.hls/._stream_0data000005.ts
Skipping macOS metadata: __MACOSX/BusinessCommunication/story_content/video_63s3HZH7GCo_48_960x540.hls/._stream_2data000006.ts
Skipping macOS metadata: __MACOSX/BusinessCommunication/story_content/video_63s3HZH7GCo_48_960x540.hls/._stream_1data000000.ts
Skipping macOS metadata: __MACOSX/BusinessCommunication/story_content/video_63s3HZH7GCo_48_960x540.hls/._stream_3data000003.ts
Skipping macOS metadata: __MACOSX/BusinessCommunication/story_content/video_63s3HZH7GCo_48_960x540.hls/._stream_1.m3u8
Skipping macOS metadata: __MACOSX/BusinessCommunication/story_content/video_63s3HZH7GCo_48_960x540.hls/._stream_0.m3u8
Skipping macOS metadata: __MACOSX/BusinessCommunication/story_content/video_63s3HZH7GCo_48_960x540.hls/._main.m3u8
Skipping macOS metadata: __MACOSX/BusinessCommunication/story_content/video_61vKP6TPebP_48_960x540.hls/._stream_3.m3u8
Skipping macOS metadata: __MACOSX/BusinessCommunication/story_content/video_61vKP6TPebP_48_960x540.hls/._stream_2.m3u8
Skipping macOS metadata: __MACOSX/BusinessCommunication/story_content/video_61vKP6TPebP_48_960x540.hls/._stream_0data000002.ts
Skipping macOS metadata: __MACOSX/BusinessCommunication/story_content/video_61vKP6TPebP_48_960x540.hls/._stream_2data000001.ts
Skipping macOS metadata: __MACOSX/BusinessCommunication/story_content/video_61vKP6TPebP_48_960x540.hls/._stream_3data000004.ts
Skipping macOS metadata: __MACOSX/BusinessCommunication/story_content/video_61vKP6TPebP_48_960x540.hls/._stream_0data000006.ts
Skipping macOS metadata: __MACOSX/BusinessCommunication/story_content/video_61vKP6TPebP_48_960x540.hls/._stream_2data000005.ts
Skipping macOS metadata: __MACOSX/BusinessCommunication/story_content/video_61vKP6TPebP_48_960x540.hls/._stream_1data000003.ts
Skipping macOS metadata: __MACOSX/BusinessCommunication/story_content/video_61vKP6TPebP_48_960x540.hls/._stream_3data000000.ts
Skipping macOS metadata: __MACOSX/BusinessCommunication/story_content/video_61vKP6TPebP_48_960x540.hls/._stream_2data000004.ts
Skipping macOS metadata: __MACOSX/BusinessCommunication/story_content/video_61vKP6TPebP_48_960x540.hls/._stream_1data000002.ts
Skipping macOS metadata: __MACOSX/BusinessCommunication/story_content/video_61vKP6TPebP_48_960x540.hls/._stream_3data000001.ts
Skipping macOS metadata: __MACOSX/BusinessCommunication/story_content/video_61vKP6TPebP_48_960x540.hls/._stream_0data000003.ts
Skipping macOS metadata: __MACOSX/BusinessCommunication/story_content/video_61vKP6TPebP_48_960x540.hls/._stream_2data000000.ts
Skipping macOS metadata: __MACOSX/BusinessCommunication/story_content/video_61vKP6TPebP_48_960x540.hls/._stream_1data000006.ts
Skipping macOS metadata: __MACOSX/BusinessCommunication/story_content/video_61vKP6TPebP_48_960x540.hls/._stream_3data000005.ts
Skipping macOS metadata: __MACOSX/BusinessCommunication/story_content/video_61vKP6TPebP_48_960x540.hls/._stream_0data000004.ts
Skipping macOS metadata: __MACOSX/BusinessCommunication/story_content/video_61vKP6TPebP_48_960x540.hls/._stream_1data000001.ts
Skipping macOS metadata: __MACOSX/BusinessCommunication/story_content/video_61vKP6TPebP_48_960x540.hls/._stream_3data000002.ts
Skipping macOS metadata: __MACOSX/BusinessCommunication/story_content/video_61vKP6TPebP_48_960x540.hls/._stream_0data000000.ts
Skipping macOS metadata: __MACOSX/BusinessCommunication/story_content/video_61vKP6TPebP_48_960x540.hls/._stream_2data000003.ts
Skipping macOS metadata: __MACOSX/BusinessCommunication/story_content/video_61vKP6TPebP_48_960x540.hls/._stream_1data000005.ts
Skipping macOS metadata: __MACOSX/BusinessCommunication/story_content/video_61vKP6TPebP_48_960x540.hls/._stream_3data000006.ts
Skipping macOS metadata: __MACOSX/BusinessCommunication/story_content/video_61vKP6TPebP_48_960x540.hls/._stream_0data000001.ts
Skipping macOS metadata: __MACOSX/BusinessCommunication/story_content/video_61vKP6TPebP_48_960x540.hls/._stream_2data000002.ts
Skipping macOS metadata: __MACOSX/BusinessCommunication/story_content/video_61vKP6TPebP_48_960x540.hls/._stream_1data000004.ts
Skipping macOS metadata: __MACOSX/BusinessCommunication/story_content/video_61vKP6TPebP_48_960x540.hls/._stream_0data000005.ts
Skipping macOS metadata: __MACOSX/BusinessCommunication/story_content/video_61vKP6TPebP_48_960x540.hls/._stream_2data000006.ts
Skipping macOS metadata: __MACOSX/BusinessCommunication/story_content/video_61vKP6TPebP_48_960x540.hls/._stream_1data000000.ts
Skipping macOS metadata: __MACOSX/BusinessCommunication/story_content/video_61vKP6TPebP_48_960x540.hls/._stream_3data000003.ts
Skipping macOS metadata: __MACOSX/BusinessCommunication/story_content/video_61vKP6TPebP_48_960x540.hls/._stream_1.m3u8
Skipping macOS metadata: __MACOSX/BusinessCommunication/story_content/video_61vKP6TPebP_48_960x540.hls/._stream_0.m3u8
Skipping macOS metadata: __MACOSX/BusinessCommunication/story_content/video_61vKP6TPebP_48_960x540.hls/._main.m3u8
Skipping macOS metadata: __MACOSX/BusinessCommunication/story_content/video_5zN2ctzsYIY_48_1920x1080.hls/._stream_3.m3u8
Skipping macOS metadata: __MACOSX/BusinessCommunication/story_content/video_5zN2ctzsYIY_48_1920x1080.hls/._stream_2.m3u8
Skipping macOS metadata: __MACOSX/BusinessCommunication/story_content/video_5zN2ctzsYIY_48_1920x1080.hls/._stream_0data000002.ts
Skipping macOS metadata: __MACOSX/BusinessCommunication/story_content/video_5zN2ctzsYIY_48_1920x1080.hls/._stream_2data000001.ts
Skipping macOS metadata: __MACOSX/BusinessCommunication/story_content/video_5zN2ctzsYIY_48_1920x1080.hls/._stream_3data000000.ts
Skipping macOS metadata: __MACOSX/BusinessCommunication/story_content/video_5zN2ctzsYIY_48_1920x1080.hls/._stream_1data000002.ts
Skipping macOS metadata: __MACOSX/BusinessCommunication/story_content/video_5zN2ctzsYIY_48_1920x1080.hls/._stream_3data000001.ts
Skipping macOS metadata: __MACOSX/BusinessCommunication/story_content/video_5zN2ctzsYIY_48_1920x1080.hls/._stream_2data000000.ts
Skipping macOS metadata: __MACOSX/BusinessCommunication/story_content/video_5zN2ctzsYIY_48_1920x1080.hls/._stream_1data000001.ts
Skipping macOS metadata: __MACOSX/BusinessCommunication/story_content/video_5zN2ctzsYIY_48_1920x1080.hls/._stream_3data000002.ts
Skipping macOS metadata: __MACOSX/BusinessCommunication/story_content/video_5zN2ctzsYIY_48_1920x1080.hls/._stream_0data000000.ts
Skipping macOS metadata: __MACOSX/BusinessCommunication/story_content/video_5zN2ctzsYIY_48_1920x1080.hls/._stream_0data000001.ts
Skipping macOS metadata: __MACOSX/BusinessCommunication/story_content/video_5zN2ctzsYIY_48_1920x1080.hls/._stream_2data000002.ts
Skipping macOS metadata: __MACOSX/BusinessCommunication/story_content/video_5zN2ctzsYIY_48_1920x1080.hls/._stream_1data000000.ts
Skipping macOS metadata: __MACOSX/BusinessCommunication/story_content/video_5zN2ctzsYIY_48_1920x1080.hls/._stream_1.m3u8
Skipping macOS metadata: __MACOSX/BusinessCommunication/story_content/video_5zN2ctzsYIY_48_1920x1080.hls/._stream_0.m3u8
Skipping macOS metadata: __MACOSX/BusinessCommunication/story_content/video_5zN2ctzsYIY_48_1920x1080.hls/._main.m3u8
Skipping macOS metadata: __MACOSX/BusinessCommunication/story_content/video_63wzH4o2kwG_48_960x540.hls/._stream_3.m3u8
Skipping macOS metadata: __MACOSX/BusinessCommunication/story_content/video_63wzH4o2kwG_48_960x540.hls/._stream_2.m3u8
Skipping macOS metadata: __MACOSX/BusinessCommunication/story_content/video_63wzH4o2kwG_48_960x540.hls/._stream_0data000002.ts
Skipping macOS metadata: __MACOSX/BusinessCommunication/story_content/video_63wzH4o2kwG_48_960x540.hls/._stream_2data000001.ts
Skipping macOS metadata: __MACOSX/BusinessCommunication/story_content/video_63wzH4o2kwG_48_960x540.hls/._stream_3data000000.ts
Skipping macOS metadata: __MACOSX/BusinessCommunication/story_content/video_63wzH4o2kwG_48_960x540.hls/._stream_1data000002.ts
Skipping macOS metadata: __MACOSX/BusinessCommunication/story_content/video_63wzH4o2kwG_48_960x540.hls/._stream_3data000001.ts
Skipping macOS metadata: __MACOSX/BusinessCommunication/story_content/video_63wzH4o2kwG_48_960x540.hls/._stream_2data000000.ts
Skipping macOS metadata: __MACOSX/BusinessCommunication/story_content/video_63wzH4o2kwG_48_960x540.hls/._stream_1data000001.ts
Skipping macOS metadata: __MACOSX/BusinessCommunication/story_content/video_63wzH4o2kwG_48_960x540.hls/._stream_3data000002.ts
Skipping macOS metadata: __MACOSX/BusinessCommunication/story_content/video_63wzH4o2kwG_48_960x540.hls/._stream_0data000000.ts
Skipping macOS metadata: __MACOSX/BusinessCommunication/story_content/video_63wzH4o2kwG_48_960x540.hls/._stream_0data000001.ts
Skipping macOS metadata: __MACOSX/BusinessCommunication/story_content/video_63wzH4o2kwG_48_960x540.hls/._stream_2data000002.ts
Skipping macOS metadata: __MACOSX/BusinessCommunication/story_content/video_63wzH4o2kwG_48_960x540.hls/._stream_1data000000.ts
Skipping macOS metadata: __MACOSX/BusinessCommunication/story_content/video_63wzH4o2kwG_48_960x540.hls/._stream_1.m3u8
Skipping macOS metadata: __MACOSX/BusinessCommunication/story_content/video_63wzH4o2kwG_48_960x540.hls/._stream_0.m3u8
Skipping macOS metadata: __MACOSX/BusinessCommunication/story_content/video_63wzH4o2kwG_48_960x540.hls/._main.m3u8
Skipping macOS metadata: __MACOSX/BusinessCommunication/story_content/video_62iqkLuXStu_48_1920x1080.hls/._stream_3.m3u8
Skipping macOS metadata: __MACOSX/BusinessCommunication/story_content/video_62iqkLuXStu_48_1920x1080.hls/._stream_2.m3u8
Skipping macOS metadata: __MACOSX/BusinessCommunication/story_content/video_62iqkLuXStu_48_1920x1080.hls/._stream_0data000002.ts
Skipping macOS metadata: __MACOSX/BusinessCommunication/story_content/video_62iqkLuXStu_48_1920x1080.hls/._stream_2data000001.ts
Skipping macOS metadata: __MACOSX/BusinessCommunication/story_content/video_62iqkLuXStu_48_1920x1080.hls/._stream_1data000003.ts
Skipping macOS metadata: __MACOSX/BusinessCommunication/story_content/video_62iqkLuXStu_48_1920x1080.hls/._stream_3data000000.ts
Skipping macOS metadata: __MACOSX/BusinessCommunication/story_content/video_62iqkLuXStu_48_1920x1080.hls/._stream_1data000002.ts
Skipping macOS metadata: __MACOSX/BusinessCommunication/story_content/video_62iqkLuXStu_48_1920x1080.hls/._stream_3data000001.ts
Skipping macOS metadata: __MACOSX/BusinessCommunication/story_content/video_62iqkLuXStu_48_1920x1080.hls/._stream_0data000003.ts
Skipping macOS metadata: __MACOSX/BusinessCommunication/story_content/video_62iqkLuXStu_48_1920x1080.hls/._stream_2data000000.ts
Skipping macOS metadata: __MACOSX/BusinessCommunication/story_content/video_62iqkLuXStu_48_1920x1080.hls/._stream_1data000001.ts
Skipping macOS metadata: __MACOSX/BusinessCommunication/story_content/video_62iqkLuXStu_48_1920x1080.hls/._stream_3data000002.ts
Skipping macOS metadata: __MACOSX/BusinessCommunication/story_content/video_62iqkLuXStu_48_1920x1080.hls/._stream_0data000000.ts
Skipping macOS metadata: __MACOSX/BusinessCommunication/story_content/video_62iqkLuXStu_48_1920x1080.hls/._stream_2data000003.ts
Skipping macOS metadata: __MACOSX/BusinessCommunication/story_content/video_62iqkLuXStu_48_1920x1080.hls/._stream_0data000001.ts
Skipping macOS metadata: __MACOSX/BusinessCommunication/story_content/video_62iqkLuXStu_48_1920x1080.hls/._stream_2data000002.ts
Skipping macOS metadata: __MACOSX/BusinessCommunication/story_content/video_62iqkLuXStu_48_1920x1080.hls/._stream_1data000000.ts
Skipping macOS metadata: __MACOSX/BusinessCommunication/story_content/video_62iqkLuXStu_48_1920x1080.hls/._stream_3data000003.ts
Skipping macOS metadata: __MACOSX/BusinessCommunication/story_content/video_62iqkLuXStu_48_1920x1080.hls/._stream_1.m3u8
Skipping macOS metadata: __MACOSX/BusinessCommunication/story_content/video_62iqkLuXStu_48_1920x1080.hls/._stream_0.m3u8
Skipping macOS metadata: __MACOSX/BusinessCommunication/story_content/video_62iqkLuXStu_48_1920x1080.hls/._main.m3u8
Skipping macOS metadata: __MACOSX/BusinessCommunication/story_content/video_6OWsh8FB5ns_48_960x540.hls/._stream_3.m3u8
Skipping macOS metadata: __MACOSX/BusinessCommunication/story_content/video_6OWsh8FB5ns_48_960x540.hls/._stream_2.m3u8
Skipping macOS metadata: __MACOSX/BusinessCommunication/story_content/video_6OWsh8FB5ns_48_960x540.hls/._stream_0data000002.ts
Skipping macOS metadata: __MACOSX/BusinessCommunication/story_content/video_6OWsh8FB5ns_48_960x540.hls/._stream_2data000001.ts
Skipping macOS metadata: __MACOSX/BusinessCommunication/story_content/video_6OWsh8FB5ns_48_960x540.hls/._stream_1data000003.ts
Skipping macOS metadata: __MACOSX/BusinessCommunication/story_content/video_6OWsh8FB5ns_48_960x540.hls/._stream_3data000000.ts
Skipping macOS metadata: __MACOSX/BusinessCommunication/story_content/video_6OWsh8FB5ns_48_960x540.hls/._stream_1data000002.ts
Skipping macOS metadata: __MACOSX/BusinessCommunication/story_content/video_6OWsh8FB5ns_48_960x540.hls/._stream_3data000001.ts
Skipping macOS metadata: __MACOSX/BusinessCommunication/story_content/video_6OWsh8FB5ns_48_960x540.hls/._stream_0data000003.ts
Skipping macOS metadata: __MACOSX/BusinessCommunication/story_content/video_6OWsh8FB5ns_48_960x540.hls/._stream_2data000000.ts
Skipping macOS metadata: __MACOSX/BusinessCommunication/story_content/video_6OWsh8FB5ns_48_960x540.hls/._stream_0data000004.ts
Skipping macOS metadata: __MACOSX/BusinessCommunication/story_content/video_6OWsh8FB5ns_48_960x540.hls/._stream_1data000001.ts
Skipping macOS metadata: __MACOSX/BusinessCommunication/story_content/video_6OWsh8FB5ns_48_960x540.hls/._stream_3data000002.ts
Skipping macOS metadata: __MACOSX/BusinessCommunication/story_content/video_6OWsh8FB5ns_48_960x540.hls/._stream_0data000000.ts
Skipping macOS metadata: __MACOSX/BusinessCommunication/story_content/video_6OWsh8FB5ns_48_960x540.hls/._stream_2data000003.ts
Skipping macOS metadata: __MACOSX/BusinessCommunication/story_content/video_6OWsh8FB5ns_48_960x540.hls/._stream_0data000001.ts
Skipping macOS metadata: __MACOSX/BusinessCommunication/story_content/video_6OWsh8FB5ns_48_960x540.hls/._stream_2data000002.ts
Skipping macOS metadata: __MACOSX/BusinessCommunication/story_content/video_6OWsh8FB5ns_48_960x540.hls/._stream_1data000000.ts
Skipping macOS metadata: __MACOSX/BusinessCommunication/story_content/video_6OWsh8FB5ns_48_960x540.hls/._stream_3data000003.ts
Skipping macOS metadata: __MACOSX/BusinessCommunication/story_content/video_6OWsh8FB5ns_48_960x540.hls/._stream_1.m3u8
Skipping macOS metadata: __MACOSX/BusinessCommunication/story_content/video_6OWsh8FB5ns_48_960x540.hls/._stream_0.m3u8
Skipping macOS metadata: __MACOSX/BusinessCommunication/story_content/video_6OWsh8FB5ns_48_960x540.hls/._main.m3u8
Skipping macOS metadata: __MACOSX/BusinessCommunication/story_content/video_6CqsnbjFuU7_48_296x526.hls/._stream_3.m3u8
Skipping macOS metadata: __MACOSX/BusinessCommunication/story_content/video_6CqsnbjFuU7_48_296x526.hls/._stream_0data000008.ts
Skipping macOS metadata: __MACOSX/BusinessCommunication/story_content/video_6CqsnbjFuU7_48_296x526.hls/._stream_1data000008.ts
Skipping macOS metadata: __MACOSX/BusinessCommunication/story_content/video_6CqsnbjFuU7_48_296x526.hls/._stream_2.m3u8
Skipping macOS metadata: __MACOSX/BusinessCommunication/story_content/video_6CqsnbjFuU7_48_296x526.hls/._stream_0data000002.ts
Skipping macOS metadata: __MACOSX/BusinessCommunication/story_content/video_6CqsnbjFuU7_48_296x526.hls/._stream_2data000001.ts
Skipping macOS metadata: __MACOSX/BusinessCommunication/story_content/video_6CqsnbjFuU7_48_296x526.hls/._stream_1data000007.ts
Skipping macOS metadata: __MACOSX/BusinessCommunication/story_content/video_6CqsnbjFuU7_48_296x526.hls/._stream_3data000004.ts
Skipping macOS metadata: __MACOSX/BusinessCommunication/story_content/video_6CqsnbjFuU7_48_296x526.hls/._stream_0data000006.ts
Skipping macOS metadata: __MACOSX/BusinessCommunication/story_content/video_6CqsnbjFuU7_48_296x526.hls/._stream_2data000005.ts
Skipping macOS metadata: __MACOSX/BusinessCommunication/story_content/video_6CqsnbjFuU7_48_296x526.hls/._stream_1data000003.ts
Skipping macOS metadata: __MACOSX/BusinessCommunication/story_content/video_6CqsnbjFuU7_48_296x526.hls/._stream_3data000000.ts
Skipping macOS metadata: __MACOSX/BusinessCommunication/story_content/video_6CqsnbjFuU7_48_296x526.hls/._stream_0data000007.ts
Skipping macOS metadata: __MACOSX/BusinessCommunication/story_content/video_6CqsnbjFuU7_48_296x526.hls/._stream_2data000004.ts
Skipping macOS metadata: __MACOSX/BusinessCommunication/story_content/video_6CqsnbjFuU7_48_296x526.hls/._stream_1data000002.ts
Skipping macOS metadata: __MACOSX/BusinessCommunication/story_content/video_6CqsnbjFuU7_48_296x526.hls/._stream_3data000001.ts
Skipping macOS metadata: __MACOSX/BusinessCommunication/story_content/video_6CqsnbjFuU7_48_296x526.hls/._stream_0data000003.ts
Skipping macOS metadata: __MACOSX/BusinessCommunication/story_content/video_6CqsnbjFuU7_48_296x526.hls/._stream_2data000000.ts
Skipping macOS metadata: __MACOSX/BusinessCommunication/story_content/video_6CqsnbjFuU7_48_296x526.hls/._stream_1data000006.ts
Skipping macOS metadata: __MACOSX/BusinessCommunication/story_content/video_6CqsnbjFuU7_48_296x526.hls/._stream_3data000005.ts
Skipping macOS metadata: __MACOSX/BusinessCommunication/story_content/video_6CqsnbjFuU7_48_296x526.hls/._stream_0data000004.ts
Skipping macOS metadata: __MACOSX/BusinessCommunication/story_content/video_6CqsnbjFuU7_48_296x526.hls/._stream_2data000007.ts
Skipping macOS metadata: __MACOSX/BusinessCommunication/story_content/video_6CqsnbjFuU7_48_296x526.hls/._stream_1data000001.ts
Skipping macOS metadata: __MACOSX/BusinessCommunication/story_content/video_6CqsnbjFuU7_48_296x526.hls/._stream_3data000002.ts
Skipping macOS metadata: __MACOSX/BusinessCommunication/story_content/video_6CqsnbjFuU7_48_296x526.hls/._stream_0data000000.ts
Skipping macOS metadata: __MACOSX/BusinessCommunication/story_content/video_6CqsnbjFuU7_48_296x526.hls/._stream_2data000003.ts
Skipping macOS metadata: __MACOSX/BusinessCommunication/story_content/video_6CqsnbjFuU7_48_296x526.hls/._stream_1data000005.ts
Skipping macOS metadata: __MACOSX/BusinessCommunication/story_content/video_6CqsnbjFuU7_48_296x526.hls/._stream_3data000006.ts
Skipping macOS metadata: __MACOSX/BusinessCommunication/story_content/video_6CqsnbjFuU7_48_296x526.hls/._stream_0data000001.ts
Skipping macOS metadata: __MACOSX/BusinessCommunication/story_content/video_6CqsnbjFuU7_48_296x526.hls/._stream_2data000002.ts
Skipping macOS metadata: __MACOSX/BusinessCommunication/story_content/video_6CqsnbjFuU7_48_296x526.hls/._stream_1data000004.ts
Skipping macOS metadata: __MACOSX/BusinessCommunication/story_content/video_6CqsnbjFuU7_48_296x526.hls/._stream_3data000007.ts
Skipping macOS metadata: __MACOSX/BusinessCommunication/story_content/video_6CqsnbjFuU7_48_296x526.hls/._stream_0data000005.ts
Skipping macOS metadata: __MACOSX/BusinessCommunication/story_content/video_6CqsnbjFuU7_48_296x526.hls/._stream_2data000006.ts
Skipping macOS metadata: __MACOSX/BusinessCommunication/story_content/video_6CqsnbjFuU7_48_296x526.hls/._stream_1data000000.ts
Skipping macOS metadata: __MACOSX/BusinessCommunication/story_content/video_6CqsnbjFuU7_48_296x526.hls/._stream_3data000003.ts
Skipping macOS metadata: __MACOSX/BusinessCommunication/story_content/video_6CqsnbjFuU7_48_296x526.hls/._stream_3data000008.ts
Skipping macOS metadata: __MACOSX/BusinessCommunication/story_content/video_6CqsnbjFuU7_48_296x526.hls/._stream_1.m3u8
Skipping macOS metadata: __MACOSX/BusinessCommunication/story_content/video_6CqsnbjFuU7_48_296x526.hls/._stream_2data000008.ts
Skipping macOS metadata: __MACOSX/BusinessCommunication/story_content/video_6CqsnbjFuU7_48_296x526.hls/._stream_0.m3u8
Skipping macOS metadata: __MACOSX/BusinessCommunication/story_content/video_6CqsnbjFuU7_48_296x526.hls/._main.m3u8
Skipping macOS metadata: __MACOSX/BusinessCommunication/story_content/video_6VPGFWHITxc_48_960x540.hls/._stream_3.m3u8
Skipping macOS metadata: __MACOSX/BusinessCommunication/story_content/video_6VPGFWHITxc_48_960x540.hls/._stream_2.m3u8
Skipping macOS metadata: __MACOSX/BusinessCommunication/story_content/video_6VPGFWHITxc_48_960x540.hls/._stream_0data000002.ts
Skipping macOS metadata: __MACOSX/BusinessCommunication/story_content/video_6VPGFWHITxc_48_960x540.hls/._stream_2data000001.ts
Skipping macOS metadata: __MACOSX/BusinessCommunication/story_content/video_6VPGFWHITxc_48_960x540.hls/._stream_1data000007.ts
Skipping macOS metadata: __MACOSX/BusinessCommunication/story_content/video_6VPGFWHITxc_48_960x540.hls/._stream_3data000004.ts
Skipping macOS metadata: __MACOSX/BusinessCommunication/story_content/video_6VPGFWHITxc_48_960x540.hls/._stream_0data000006.ts
Skipping macOS metadata: __MACOSX/BusinessCommunication/story_content/video_6VPGFWHITxc_48_960x540.hls/._stream_2data000005.ts
Skipping macOS metadata: __MACOSX/BusinessCommunication/story_content/video_6VPGFWHITxc_48_960x540.hls/._stream_1data000003.ts
Skipping macOS metadata: __MACOSX/BusinessCommunication/story_content/video_6VPGFWHITxc_48_960x540.hls/._stream_3data000000.ts
Skipping macOS metadata: __MACOSX/BusinessCommunication/story_content/video_6VPGFWHITxc_48_960x540.hls/._stream_0data000007.ts
Skipping macOS metadata: __MACOSX/BusinessCommunication/story_content/video_6VPGFWHITxc_48_960x540.hls/._stream_2data000004.ts
Skipping macOS metadata: __MACOSX/BusinessCommunication/story_content/video_6VPGFWHITxc_48_960x540.hls/._stream_1data000002.ts
Skipping macOS metadata: __MACOSX/BusinessCommunication/story_content/video_6VPGFWHITxc_48_960x540.hls/._stream_3data000001.ts
Skipping macOS metadata: __MACOSX/BusinessCommunication/story_content/video_6VPGFWHITxc_48_960x540.hls/._stream_0data000003.ts
Skipping macOS metadata: __MACOSX/BusinessCommunication/story_content/video_6VPGFWHITxc_48_960x540.hls/._stream_2data000000.ts
Skipping macOS metadata: __MACOSX/BusinessCommunication/story_content/video_6VPGFWHITxc_48_960x540.hls/._stream_1data000006.ts
Skipping macOS metadata: __MACOSX/BusinessCommunication/story_content/video_6VPGFWHITxc_48_960x540.hls/._stream_3data000005.ts
Skipping macOS metadata: __MACOSX/BusinessCommunication/story_content/video_6VPGFWHITxc_48_960x540.hls/._stream_0data000004.ts
Skipping macOS metadata: __MACOSX/BusinessCommunication/story_content/video_6VPGFWHITxc_48_960x540.hls/._stream_2data000007.ts
Skipping macOS metadata: __MACOSX/BusinessCommunication/story_content/video_6VPGFWHITxc_48_960x540.hls/._stream_1data000001.ts
Skipping macOS metadata: __MACOSX/BusinessCommunication/story_content/video_6VPGFWHITxc_48_960x540.hls/._stream_3data000002.ts
Skipping macOS metadata: __MACOSX/BusinessCommunication/story_content/video_6VPGFWHITxc_48_960x540.hls/._stream_0data000000.ts
Skipping macOS metadata: __MACOSX/BusinessCommunication/story_content/video_6VPGFWHITxc_48_960x540.hls/._stream_2data000003.ts
Skipping macOS metadata: __MACOSX/BusinessCommunication/story_content/video_6VPGFWHITxc_48_960x540.hls/._stream_1data000005.ts
Skipping macOS metadata: __MACOSX/BusinessCommunication/story_content/video_6VPGFWHITxc_48_960x540.hls/._stream_3data000006.ts
Skipping macOS metadata: __MACOSX/BusinessCommunication/story_content/video_6VPGFWHITxc_48_960x540.hls/._stream_0data000001.ts
Skipping macOS metadata: __MACOSX/BusinessCommunication/story_content/video_6VPGFWHITxc_48_960x540.hls/._stream_2data000002.ts
Skipping macOS metadata: __MACOSX/BusinessCommunication/story_content/video_6VPGFWHITxc_48_960x540.hls/._stream_1data000004.ts
Skipping macOS metadata: __MACOSX/BusinessCommunication/story_content/video_6VPGFWHITxc_48_960x540.hls/._stream_3data000007.ts
Skipping macOS metadata: __MACOSX/BusinessCommunication/story_content/video_6VPGFWHITxc_48_960x540.hls/._stream_0data000005.ts
Skipping macOS metadata: __MACOSX/BusinessCommunication/story_content/video_6VPGFWHITxc_48_960x540.hls/._stream_2data000006.ts
Skipping macOS metadata: __MACOSX/BusinessCommunication/story_content/video_6VPGFWHITxc_48_960x540.hls/._stream_1data000000.ts
Skipping macOS metadata: __MACOSX/BusinessCommunication/story_content/video_6VPGFWHITxc_48_960x540.hls/._stream_3data000003.ts
Skipping macOS metadata: __MACOSX/BusinessCommunication/story_content/video_6VPGFWHITxc_48_960x540.hls/._stream_1.m3u8
Skipping macOS metadata: __MACOSX/BusinessCommunication/story_content/video_6VPGFWHITxc_48_960x540.hls/._stream_0.m3u8
Skipping macOS metadata: __MACOSX/BusinessCommunication/story_content/video_6VPGFWHITxc_48_960x540.hls/._main.m3u8
Skipping macOS metadata: __MACOSX/BusinessCommunication/story_content/video_69qDxl1VB3s_48_960x540.hls/._stream_3.m3u8
Skipping macOS metadata: __MACOSX/BusinessCommunication/story_content/video_69qDxl1VB3s_48_960x540.hls/._stream_2.m3u8
Skipping macOS metadata: __MACOSX/BusinessCommunication/story_content/video_69qDxl1VB3s_48_960x540.hls/._stream_0data000002.ts
Skipping macOS metadata: __MACOSX/BusinessCommunication/story_content/video_69qDxl1VB3s_48_960x540.hls/._stream_2data000001.ts
Skipping macOS metadata: __MACOSX/BusinessCommunication/story_content/video_69qDxl1VB3s_48_960x540.hls/._stream_1data000003.ts
Skipping macOS metadata: __MACOSX/BusinessCommunication/story_content/video_69qDxl1VB3s_48_960x540.hls/._stream_3data000000.ts
Skipping macOS metadata: __MACOSX/BusinessCommunication/story_content/video_69qDxl1VB3s_48_960x540.hls/._stream_1data000002.ts
Skipping macOS metadata: __MACOSX/BusinessCommunication/story_content/video_69qDxl1VB3s_48_960x540.hls/._stream_3data000001.ts
Skipping macOS metadata: __MACOSX/BusinessCommunication/story_content/video_69qDxl1VB3s_48_960x540.hls/._stream_0data000003.ts
Skipping macOS metadata: __MACOSX/BusinessCommunication/story_content/video_69qDxl1VB3s_48_960x540.hls/._stream_2data000000.ts
Skipping macOS metadata: __MACOSX/BusinessCommunication/story_content/video_69qDxl1VB3s_48_960x540.hls/._stream_1data000001.ts
Skipping macOS metadata: __MACOSX/BusinessCommunication/story_content/video_69qDxl1VB3s_48_960x540.hls/._stream_3data000002.ts
Skipping macOS metadata: __MACOSX/BusinessCommunication/story_content/video_69qDxl1VB3s_48_960x540.hls/._stream_0data000000.ts
Skipping macOS metadata: __MACOSX/BusinessCommunication/story_content/video_69qDxl1VB3s_48_960x540.hls/._stream_2data000003.ts
Skipping macOS metadata: __MACOSX/BusinessCommunication/story_content/video_69qDxl1VB3s_48_960x540.hls/._stream_0data000001.ts
Skipping macOS metadata: __MACOSX/BusinessCommunication/story_content/video_69qDxl1VB3s_48_960x540.hls/._stream_2data000002.ts
Skipping macOS metadata: __MACOSX/BusinessCommunication/story_content/video_69qDxl1VB3s_48_960x540.hls/._stream_1data000000.ts
Skipping macOS metadata: __MACOSX/BusinessCommunication/story_content/video_69qDxl1VB3s_48_960x540.hls/._stream_3data000003.ts
Skipping macOS metadata: __MACOSX/BusinessCommunication/story_content/video_69qDxl1VB3s_48_960x540.hls/._stream_1.m3u8
Skipping macOS metadata: __MACOSX/BusinessCommunication/story_content/video_69qDxl1VB3s_48_960x540.hls/._stream_0.m3u8
Skipping macOS metadata: __MACOSX/BusinessCommunication/story_content/video_69qDxl1VB3s_48_960x540.hls/._main.m3u8
Skipping macOS metadata: __MACOSX/BusinessCommunication/story_content/video_6CqsnbjFuU7_48_304x540.hls/._stream_3.m3u8
Skipping macOS metadata: __MACOSX/BusinessCommunication/story_content/video_6CqsnbjFuU7_48_304x540.hls/._stream_0data000008.ts
Skipping macOS metadata: __MACOSX/BusinessCommunication/story_content/video_6CqsnbjFuU7_48_304x540.hls/._stream_1data000008.ts
Skipping macOS metadata: __MACOSX/BusinessCommunication/story_content/video_6CqsnbjFuU7_48_304x540.hls/._stream_2.m3u8
Skipping macOS metadata: __MACOSX/BusinessCommunication/story_content/video_6CqsnbjFuU7_48_304x540.hls/._stream_0data000002.ts
Skipping macOS metadata: __MACOSX/BusinessCommunication/story_content/video_6CqsnbjFuU7_48_304x540.hls/._stream_2data000001.ts
Skipping macOS metadata: __MACOSX/BusinessCommunication/story_content/video_6CqsnbjFuU7_48_304x540.hls/._stream_1data000007.ts
Skipping macOS metadata: __MACOSX/BusinessCommunication/story_content/video_6CqsnbjFuU7_48_304x540.hls/._stream_3data000004.ts
Skipping macOS metadata: __MACOSX/BusinessCommunication/story_content/video_6CqsnbjFuU7_48_304x540.hls/._stream_0data000006.ts
Skipping macOS metadata: __MACOSX/BusinessCommunication/story_content/video_6CqsnbjFuU7_48_304x540.hls/._stream_2data000005.ts
Skipping macOS metadata: __MACOSX/BusinessCommunication/story_content/video_6CqsnbjFuU7_48_304x540.hls/._stream_1data000003.ts
Skipping macOS metadata: __MACOSX/BusinessCommunication/story_content/video_6CqsnbjFuU7_48_304x540.hls/._stream_3data000000.ts
Skipping macOS metadata: __MACOSX/BusinessCommunication/story_content/video_6CqsnbjFuU7_48_304x540.hls/._stream_0data000007.ts
Skipping macOS metadata: __MACOSX/BusinessCommunication/story_content/video_6CqsnbjFuU7_48_304x540.hls/._stream_2data000004.ts
Skipping macOS metadata: __MACOSX/BusinessCommunication/story_content/video_6CqsnbjFuU7_48_304x540.hls/._stream_1data000002.ts
Skipping macOS metadata: __MACOSX/BusinessCommunication/story_content/video_6CqsnbjFuU7_48_304x540.hls/._stream_3data000001.ts
Skipping macOS metadata: __MACOSX/BusinessCommunication/story_content/video_6CqsnbjFuU7_48_304x540.hls/._stream_0data000003.ts
Skipping macOS metadata: __MACOSX/BusinessCommunication/story_content/video_6CqsnbjFuU7_48_304x540.hls/._stream_2data000000.ts
Skipping macOS metadata: __MACOSX/BusinessCommunication/story_content/video_6CqsnbjFuU7_48_304x540.hls/._stream_1data000006.ts
Skipping macOS metadata: __MACOSX/BusinessCommunication/story_content/video_6CqsnbjFuU7_48_304x540.hls/._stream_3data000005.ts
Skipping macOS metadata: __MACOSX/BusinessCommunication/story_content/video_6CqsnbjFuU7_48_304x540.hls/._stream_0data000004.ts
Skipping macOS metadata: __MACOSX/BusinessCommunication/story_content/video_6CqsnbjFuU7_48_304x540.hls/._stream_2data000007.ts
Skipping macOS metadata: __MACOSX/BusinessCommunication/story_content/video_6CqsnbjFuU7_48_304x540.hls/._stream_1data000001.ts
Skipping macOS metadata: __MACOSX/BusinessCommunication/story_content/video_6CqsnbjFuU7_48_304x540.hls/._stream_3data000002.ts
Skipping macOS metadata: __MACOSX/BusinessCommunication/story_content/video_6CqsnbjFuU7_48_304x540.hls/._stream_0data000000.ts
Skipping macOS metadata: __MACOSX/BusinessCommunication/story_content/video_6CqsnbjFuU7_48_304x540.hls/._stream_2data000003.ts
Skipping macOS metadata: __MACOSX/BusinessCommunication/story_content/video_6CqsnbjFuU7_48_304x540.hls/._stream_1data000005.ts
Skipping macOS metadata: __MACOSX/BusinessCommunication/story_content/video_6CqsnbjFuU7_48_304x540.hls/._stream_3data000006.ts
Skipping macOS metadata: __MACOSX/BusinessCommunication/story_content/video_6CqsnbjFuU7_48_304x540.hls/._stream_0data000001.ts
Skipping macOS metadata: __MACOSX/BusinessCommunication/story_content/video_6CqsnbjFuU7_48_304x540.hls/._stream_2data000002.ts
Skipping macOS metadata: __MACOSX/BusinessCommunication/story_content/video_6CqsnbjFuU7_48_304x540.hls/._stream_1data000004.ts
Skipping macOS metadata: __MACOSX/BusinessCommunication/story_content/video_6CqsnbjFuU7_48_304x540.hls/._stream_3data000007.ts
Skipping macOS metadata: __MACOSX/BusinessCommunication/story_content/video_6CqsnbjFuU7_48_304x540.hls/._stream_0data000005.ts
Skipping macOS metadata: __MACOSX/BusinessCommunication/story_content/video_6CqsnbjFuU7_48_304x540.hls/._stream_2data000006.ts
Skipping macOS metadata: __MACOSX/BusinessCommunication/story_content/video_6CqsnbjFuU7_48_304x540.hls/._stream_1data000000.ts
Skipping macOS metadata: __MACOSX/BusinessCommunication/story_content/video_6CqsnbjFuU7_48_304x540.hls/._stream_3data000003.ts
Skipping macOS metadata: __MACOSX/BusinessCommunication/story_content/video_6CqsnbjFuU7_48_304x540.hls/._stream_3data000008.ts
Skipping macOS metadata: __MACOSX/BusinessCommunication/story_content/video_6CqsnbjFuU7_48_304x540.hls/._stream_1.m3u8
Skipping macOS metadata: __MACOSX/BusinessCommunication/story_content/video_6CqsnbjFuU7_48_304x540.hls/._stream_2data000008.ts
Skipping macOS metadata: __MACOSX/BusinessCommunication/story_content/video_6CqsnbjFuU7_48_304x540.hls/._stream_0.m3u8
Skipping macOS metadata: __MACOSX/BusinessCommunication/story_content/video_6CqsnbjFuU7_48_304x540.hls/._main.m3u8
Skipping macOS metadata: __MACOSX/BusinessCommunication/story_content/video_5yhuZLUIDzr_48_960x540.hls/._stream_3.m3u8
Skipping macOS metadata: __MACOSX/BusinessCommunication/story_content/video_5yhuZLUIDzr_48_960x540.hls/._stream_0data000008.ts
Skipping macOS metadata: __MACOSX/BusinessCommunication/story_content/video_5yhuZLUIDzr_48_960x540.hls/._stream_1data000009.ts
Skipping macOS metadata: __MACOSX/BusinessCommunication/story_content/video_5yhuZLUIDzr_48_960x540.hls/._stream_1data000008.ts
Skipping macOS metadata: __MACOSX/BusinessCommunication/story_content/video_5yhuZLUIDzr_48_960x540.hls/._stream_0data000009.ts
Skipping macOS metadata: __MACOSX/BusinessCommunication/story_content/video_5yhuZLUIDzr_48_960x540.hls/._stream_2.m3u8
Skipping macOS metadata: __MACOSX/BusinessCommunication/story_content/video_5yhuZLUIDzr_48_960x540.hls/._stream_0data000002.ts
Skipping macOS metadata: __MACOSX/BusinessCommunication/story_content/video_5yhuZLUIDzr_48_960x540.hls/._stream_2data000001.ts
Skipping macOS metadata: __MACOSX/BusinessCommunication/story_content/video_5yhuZLUIDzr_48_960x540.hls/._stream_2data000011.ts
Skipping macOS metadata: __MACOSX/BusinessCommunication/story_content/video_5yhuZLUIDzr_48_960x540.hls/._stream_1data000007.ts
Skipping macOS metadata: __MACOSX/BusinessCommunication/story_content/video_5yhuZLUIDzr_48_960x540.hls/._stream_3data000004.ts
Skipping macOS metadata: __MACOSX/BusinessCommunication/story_content/video_5yhuZLUIDzr_48_960x540.hls/._stream_0data000012.ts
Skipping macOS metadata: __MACOSX/BusinessCommunication/story_content/video_5yhuZLUIDzr_48_960x540.hls/._stream_3data000010.ts
Skipping macOS metadata: __MACOSX/BusinessCommunication/story_content/video_5yhuZLUIDzr_48_960x540.hls/._stream_0data000006.ts
Skipping macOS metadata: __MACOSX/BusinessCommunication/story_content/video_5yhuZLUIDzr_48_960x540.hls/._stream_2data000005.ts
Skipping macOS metadata: __MACOSX/BusinessCommunication/story_content/video_5yhuZLUIDzr_48_960x540.hls/._stream_1data000013.ts
Skipping macOS metadata: __MACOSX/BusinessCommunication/story_content/video_5yhuZLUIDzr_48_960x540.hls/._stream_1data000003.ts
Skipping macOS metadata: __MACOSX/BusinessCommunication/story_content/video_5yhuZLUIDzr_48_960x540.hls/._stream_3data000000.ts
Skipping macOS metadata: __MACOSX/BusinessCommunication/story_content/video_5yhuZLUIDzr_48_960x540.hls/._stream_3data000011.ts
Skipping macOS metadata: __MACOSX/BusinessCommunication/story_content/video_5yhuZLUIDzr_48_960x540.hls/._stream_0data000007.ts
Skipping macOS metadata: __MACOSX/BusinessCommunication/story_content/video_5yhuZLUIDzr_48_960x540.hls/._stream_2data000004.ts
Skipping macOS metadata: __MACOSX/BusinessCommunication/story_content/video_5yhuZLUIDzr_48_960x540.hls/._stream_1data000012.ts
Skipping macOS metadata: __MACOSX/BusinessCommunication/story_content/video_5yhuZLUIDzr_48_960x540.hls/._stream_1data000002.ts
Skipping macOS metadata: __MACOSX/BusinessCommunication/story_content/video_5yhuZLUIDzr_48_960x540.hls/._stream_3data000001.ts
Skipping macOS metadata: __MACOSX/BusinessCommunication/story_content/video_5yhuZLUIDzr_48_960x540.hls/._stream_0data000003.ts
Skipping macOS metadata: __MACOSX/BusinessCommunication/story_content/video_5yhuZLUIDzr_48_960x540.hls/._stream_2data000000.ts
Skipping macOS metadata: __MACOSX/BusinessCommunication/story_content/video_5yhuZLUIDzr_48_960x540.hls/._stream_2data000010.ts
Skipping macOS metadata: __MACOSX/BusinessCommunication/story_content/video_5yhuZLUIDzr_48_960x540.hls/._stream_1data000006.ts
Skipping macOS metadata: __MACOSX/BusinessCommunication/story_content/video_5yhuZLUIDzr_48_960x540.hls/._stream_3data000005.ts
Skipping macOS metadata: __MACOSX/BusinessCommunication/story_content/video_5yhuZLUIDzr_48_960x540.hls/._stream_0data000013.ts
Skipping macOS metadata: __MACOSX/BusinessCommunication/story_content/video_5yhuZLUIDzr_48_960x540.hls/._stream_0data000004.ts
Skipping macOS metadata: __MACOSX/BusinessCommunication/story_content/video_5yhuZLUIDzr_48_960x540.hls/._stream_3data000012.ts
Skipping macOS metadata: __MACOSX/BusinessCommunication/story_content/video_5yhuZLUIDzr_48_960x540.hls/._stream_1data000011.ts
Skipping macOS metadata: __MACOSX/BusinessCommunication/story_content/video_5yhuZLUIDzr_48_960x540.hls/._stream_2data000007.ts
Skipping macOS metadata: __MACOSX/BusinessCommunication/story_content/video_5yhuZLUIDzr_48_960x540.hls/._stream_1data000001.ts
Skipping macOS metadata: __MACOSX/BusinessCommunication/story_content/video_5yhuZLUIDzr_48_960x540.hls/._stream_3data000002.ts
Skipping macOS metadata: __MACOSX/BusinessCommunication/story_content/video_5yhuZLUIDzr_48_960x540.hls/._stream_0data000000.ts
Skipping macOS metadata: __MACOSX/BusinessCommunication/story_content/video_5yhuZLUIDzr_48_960x540.hls/._stream_2data000003.ts
Skipping macOS metadata: __MACOSX/BusinessCommunication/story_content/video_5yhuZLUIDzr_48_960x540.hls/._stream_1data000005.ts
Skipping macOS metadata: __MACOSX/BusinessCommunication/story_content/video_5yhuZLUIDzr_48_960x540.hls/._stream_2data000013.ts
Skipping macOS metadata: __MACOSX/BusinessCommunication/story_content/video_5yhuZLUIDzr_48_960x540.hls/._stream_0data000010.ts
Skipping macOS metadata: __MACOSX/BusinessCommunication/story_content/video_5yhuZLUIDzr_48_960x540.hls/._stream_3data000006.ts
Skipping macOS metadata: __MACOSX/BusinessCommunication/story_content/video_5yhuZLUIDzr_48_960x540.hls/._stream_0data000001.ts
Skipping macOS metadata: __MACOSX/BusinessCommunication/story_content/video_5yhuZLUIDzr_48_960x540.hls/._stream_2data000002.ts
Skipping macOS metadata: __MACOSX/BusinessCommunication/story_content/video_5yhuZLUIDzr_48_960x540.hls/._stream_1data000004.ts
Skipping macOS metadata: __MACOSX/BusinessCommunication/story_content/video_5yhuZLUIDzr_48_960x540.hls/._stream_2data000012.ts
Skipping macOS metadata: __MACOSX/BusinessCommunication/story_content/video_5yhuZLUIDzr_48_960x540.hls/._stream_0data000011.ts
Skipping macOS metadata: __MACOSX/BusinessCommunication/story_content/video_5yhuZLUIDzr_48_960x540.hls/._stream_3data000007.ts
Skipping macOS metadata: __MACOSX/BusinessCommunication/story_content/video_5yhuZLUIDzr_48_960x540.hls/._stream_0data000005.ts
Skipping macOS metadata: __MACOSX/BusinessCommunication/story_content/video_5yhuZLUIDzr_48_960x540.hls/._stream_3data000013.ts
Skipping macOS metadata: __MACOSX/BusinessCommunication/story_content/video_5yhuZLUIDzr_48_960x540.hls/._stream_1data000010.ts
Skipping macOS metadata: __MACOSX/BusinessCommunication/story_content/video_5yhuZLUIDzr_48_960x540.hls/._stream_2data000006.ts
Skipping macOS metadata: __MACOSX/BusinessCommunication/story_content/video_5yhuZLUIDzr_48_960x540.hls/._stream_1data000000.ts
Skipping macOS metadata: __MACOSX/BusinessCommunication/story_content/video_5yhuZLUIDzr_48_960x540.hls/._stream_3data000003.ts
Skipping macOS metadata: __MACOSX/BusinessCommunication/story_content/video_5yhuZLUIDzr_48_960x540.hls/._stream_3data000008.ts
Skipping macOS metadata: __MACOSX/BusinessCommunication/story_content/video_5yhuZLUIDzr_48_960x540.hls/._stream_1.m3u8
Skipping macOS metadata: __MACOSX/BusinessCommunication/story_content/video_5yhuZLUIDzr_48_960x540.hls/._stream_2data000009.ts
Skipping macOS metadata: __MACOSX/BusinessCommunication/story_content/video_5yhuZLUIDzr_48_960x540.hls/._stream_2data000008.ts
Skipping macOS metadata: __MACOSX/BusinessCommunication/story_content/video_5yhuZLUIDzr_48_960x540.hls/._stream_0.m3u8
Skipping macOS metadata: __MACOSX/BusinessCommunication/story_content/video_5yhuZLUIDzr_48_960x540.hls/._main.m3u8
Skipping macOS metadata: __MACOSX/BusinessCommunication/story_content/video_5yhuZLUIDzr_48_960x540.hls/._stream_3data000009.ts
Skipping macOS metadata: __MACOSX/BusinessCommunication/story_content/video_61c1PS1vJE2_48_960x540.hls/._stream_3.m3u8
Skipping macOS metadata: __MACOSX/BusinessCommunication/story_content/video_61c1PS1vJE2_48_960x540.hls/._stream_0data000008.ts
Skipping macOS metadata: __MACOSX/BusinessCommunication/story_content/video_61c1PS1vJE2_48_960x540.hls/._stream_0data000018.ts
Skipping macOS metadata: __MACOSX/BusinessCommunication/story_content/video_61c1PS1vJE2_48_960x540.hls/._stream_1data000019.ts
Skipping macOS metadata: __MACOSX/BusinessCommunication/story_content/video_61c1PS1vJE2_48_960x540.hls/._stream_1data000009.ts
Skipping macOS metadata: __MACOSX/BusinessCommunication/story_content/video_61c1PS1vJE2_48_960x540.hls/._stream_1data000018.ts
Skipping macOS metadata: __MACOSX/BusinessCommunication/story_content/video_61c1PS1vJE2_48_960x540.hls/._stream_1data000008.ts
Skipping macOS metadata: __MACOSX/BusinessCommunication/story_content/video_61c1PS1vJE2_48_960x540.hls/._stream_0data000009.ts
Skipping macOS metadata: __MACOSX/BusinessCommunication/story_content/video_61c1PS1vJE2_48_960x540.hls/._stream_0data000019.ts
Skipping macOS metadata: __MACOSX/BusinessCommunication/story_content/video_61c1PS1vJE2_48_960x540.hls/._stream_2.m3u8
Skipping macOS metadata: __MACOSX/BusinessCommunication/story_content/video_61c1PS1vJE2_48_960x540.hls/._stream_3data000020.ts
Skipping macOS metadata: __MACOSX/BusinessCommunication/story_content/video_61c1PS1vJE2_48_960x540.hls/._stream_0data000002.ts
Skipping macOS metadata: __MACOSX/BusinessCommunication/story_content/video_61c1PS1vJE2_48_960x540.hls/._stream_3data000014.ts
Skipping macOS metadata: __MACOSX/BusinessCommunication/story_content/video_61c1PS1vJE2_48_960x540.hls/._stream_1data000017.ts
Skipping macOS metadata: __MACOSX/BusinessCommunication/story_content/video_61c1PS1vJE2_48_960x540.hls/._stream_2data000001.ts
Skipping macOS metadata: __MACOSX/BusinessCommunication/story_content/video_61c1PS1vJE2_48_960x540.hls/._stream_1data000023.ts
Skipping macOS metadata: __MACOSX/BusinessCommunication/story_content/video_61c1PS1vJE2_48_960x540.hls/._stream_2data000011.ts
Skipping macOS metadata: __MACOSX/BusinessCommunication/story_content/video_61c1PS1vJE2_48_960x540.hls/._stream_1data000007.ts
Skipping macOS metadata: __MACOSX/BusinessCommunication/story_content/video_61c1PS1vJE2_48_960x540.hls/._stream_3data000004.ts
Skipping macOS metadata: __MACOSX/BusinessCommunication/story_content/video_61c1PS1vJE2_48_960x540.hls/._stream_0data000012.ts
Skipping macOS metadata: __MACOSX/BusinessCommunication/story_content/video_61c1PS1vJE2_48_960x540.hls/._stream_3data000010.ts
Skipping macOS metadata: __MACOSX/BusinessCommunication/story_content/video_61c1PS1vJE2_48_960x540.hls/._stream_0data000006.ts
Skipping macOS metadata: __MACOSX/BusinessCommunication/story_content/video_61c1PS1vJE2_48_960x540.hls/._stream_3data000024.ts
Skipping macOS metadata: __MACOSX/BusinessCommunication/story_content/video_61c1PS1vJE2_48_960x540.hls/._stream_2data000005.ts
Skipping macOS metadata: __MACOSX/BusinessCommunication/story_content/video_61c1PS1vJE2_48_960x540.hls/._stream_1data000013.ts
Skipping macOS metadata: __MACOSX/BusinessCommunication/story_content/video_61c1PS1vJE2_48_960x540.hls/._stream_1data000003.ts
Skipping macOS metadata: __MACOSX/BusinessCommunication/story_content/video_61c1PS1vJE2_48_960x540.hls/._stream_2data000015.ts
Skipping macOS metadata: __MACOSX/BusinessCommunication/story_content/video_61c1PS1vJE2_48_960x540.hls/._stream_2data000021.ts
Skipping macOS metadata: __MACOSX/BusinessCommunication/story_content/video_61c1PS1vJE2_48_960x540.hls/._stream_0data000022.ts
Skipping macOS metadata: __MACOSX/BusinessCommunication/story_content/video_61c1PS1vJE2_48_960x540.hls/._stream_0data000016.ts
Skipping macOS metadata: __MACOSX/BusinessCommunication/story_content/video_61c1PS1vJE2_48_960x540.hls/._stream_3data000000.ts
Skipping macOS metadata: __MACOSX/BusinessCommunication/story_content/video_61c1PS1vJE2_48_960x540.hls/._stream_3data000011.ts
Skipping macOS metadata: __MACOSX/BusinessCommunication/story_content/video_61c1PS1vJE2_48_960x540.hls/._stream_0data000007.ts
Skipping macOS metadata: __MACOSX/BusinessCommunication/story_content/video_61c1PS1vJE2_48_960x540.hls/._stream_2data000004.ts
Skipping macOS metadata: __MACOSX/BusinessCommunication/story_content/video_61c1PS1vJE2_48_960x540.hls/._stream_1data000012.ts
Skipping macOS metadata: __MACOSX/BusinessCommunication/story_content/video_61c1PS1vJE2_48_960x540.hls/._stream_1data000002.ts
Skipping macOS metadata: __MACOSX/BusinessCommunication/story_content/video_61c1PS1vJE2_48_960x540.hls/._stream_2data000014.ts
Skipping macOS metadata: __MACOSX/BusinessCommunication/story_content/video_61c1PS1vJE2_48_960x540.hls/._stream_2data000020.ts
Skipping macOS metadata: __MACOSX/BusinessCommunication/story_content/video_61c1PS1vJE2_48_960x540.hls/._stream_0data000023.ts
Skipping macOS metadata: __MACOSX/BusinessCommunication/story_content/video_61c1PS1vJE2_48_960x540.hls/._stream_0data000017.ts
Skipping macOS metadata: __MACOSX/BusinessCommunication/story_content/video_61c1PS1vJE2_48_960x540.hls/._stream_3data000001.ts
Skipping macOS metadata: __MACOSX/BusinessCommunication/story_content/video_61c1PS1vJE2_48_960x540.hls/._stream_3data000021.ts
Skipping macOS metadata: __MACOSX/BusinessCommunication/story_content/video_61c1PS1vJE2_48_960x540.hls/._stream_0data000003.ts
Skipping macOS metadata: __MACOSX/BusinessCommunication/story_content/video_61c1PS1vJE2_48_960x540.hls/._stream_3data000015.ts
Skipping macOS metadata: __MACOSX/BusinessCommunication/story_content/video_61c1PS1vJE2_48_960x540.hls/._stream_1data000016.ts
Skipping macOS metadata: __MACOSX/BusinessCommunication/story_content/video_61c1PS1vJE2_48_960x540.hls/._stream_2data000000.ts
Skipping macOS metadata: __MACOSX/BusinessCommunication/story_content/video_61c1PS1vJE2_48_960x540.hls/._stream_1data000022.ts
Skipping macOS metadata: __MACOSX/BusinessCommunication/story_content/video_61c1PS1vJE2_48_960x540.hls/._stream_2data000024.ts
Skipping macOS metadata: __MACOSX/BusinessCommunication/story_content/video_61c1PS1vJE2_48_960x540.hls/._stream_2data000010.ts
Skipping macOS metadata: __MACOSX/BusinessCommunication/story_content/video_61c1PS1vJE2_48_960x540.hls/._stream_1data000006.ts
Skipping macOS metadata: __MACOSX/BusinessCommunication/story_content/video_61c1PS1vJE2_48_960x540.hls/._stream_3data000005.ts
Skipping macOS metadata: __MACOSX/BusinessCommunication/story_content/video_61c1PS1vJE2_48_960x540.hls/._stream_0data000013.ts
Skipping macOS metadata: __MACOSX/BusinessCommunication/story_content/video_61c1PS1vJE2_48_960x540.hls/._stream_0data000004.ts
Skipping macOS metadata: __MACOSX/BusinessCommunication/story_content/video_61c1PS1vJE2_48_960x540.hls/._stream_3data000012.ts
Skipping macOS metadata: __MACOSX/BusinessCommunication/story_content/video_61c1PS1vJE2_48_960x540.hls/._stream_1data000011.ts
Skipping macOS metadata: __MACOSX/BusinessCommunication/story_content/video_61c1PS1vJE2_48_960x540.hls/._stream_2data000007.ts
Skipping macOS metadata: __MACOSX/BusinessCommunication/story_content/video_61c1PS1vJE2_48_960x540.hls/._stream_2data000017.ts
Skipping macOS metadata: __MACOSX/BusinessCommunication/story_content/video_61c1PS1vJE2_48_960x540.hls/._stream_1data000001.ts
Skipping macOS metadata: __MACOSX/BusinessCommunication/story_content/video_61c1PS1vJE2_48_960x540.hls/._stream_2data000023.ts
Skipping macOS metadata: __MACOSX/BusinessCommunication/story_content/video_61c1PS1vJE2_48_960x540.hls/._stream_0data000020.ts
Skipping macOS metadata: __MACOSX/BusinessCommunication/story_content/video_61c1PS1vJE2_48_960x540.hls/._stream_3data000002.ts
Skipping macOS metadata: __MACOSX/BusinessCommunication/story_content/video_61c1PS1vJE2_48_960x540.hls/._stream_0data000014.ts
Skipping macOS metadata: __MACOSX/BusinessCommunication/story_content/video_61c1PS1vJE2_48_960x540.hls/._stream_3data000022.ts
Skipping macOS metadata: __MACOSX/BusinessCommunication/story_content/video_61c1PS1vJE2_48_960x540.hls/._stream_3data000016.ts
Skipping macOS metadata: __MACOSX/BusinessCommunication/story_content/video_61c1PS1vJE2_48_960x540.hls/._stream_0data000000.ts
Skipping macOS metadata: __MACOSX/BusinessCommunication/story_content/video_61c1PS1vJE2_48_960x540.hls/._stream_2data000003.ts
Skipping macOS metadata: __MACOSX/BusinessCommunication/story_content/video_61c1PS1vJE2_48_960x540.hls/._stream_1data000015.ts
Skipping macOS metadata: __MACOSX/BusinessCommunication/story_content/video_61c1PS1vJE2_48_960x540.hls/._stream_1data000021.ts
Skipping macOS metadata: __MACOSX/BusinessCommunication/story_content/video_61c1PS1vJE2_48_960x540.hls/._stream_1data000005.ts
Skipping macOS metadata: __MACOSX/BusinessCommunication/story_content/video_61c1PS1vJE2_48_960x540.hls/._stream_2data000013.ts
Skipping macOS metadata: __MACOSX/BusinessCommunication/story_content/video_61c1PS1vJE2_48_960x540.hls/._stream_0data000010.ts
Skipping macOS metadata: __MACOSX/BusinessCommunication/story_content/video_61c1PS1vJE2_48_960x540.hls/._stream_3data000006.ts
Skipping macOS metadata: __MACOSX/BusinessCommunication/story_content/video_61c1PS1vJE2_48_960x540.hls/._stream_0data000024.ts
Skipping macOS metadata: __MACOSX/BusinessCommunication/story_content/video_61c1PS1vJE2_48_960x540.hls/._stream_3data000023.ts
Skipping macOS metadata: __MACOSX/BusinessCommunication/story_content/video_61c1PS1vJE2_48_960x540.hls/._stream_3data000017.ts
Skipping macOS metadata: __MACOSX/BusinessCommunication/story_content/video_61c1PS1vJE2_48_960x540.hls/._stream_0data000001.ts
Skipping macOS metadata: __MACOSX/BusinessCommunication/story_content/video_61c1PS1vJE2_48_960x540.hls/._stream_2data000002.ts
Skipping macOS metadata: __MACOSX/BusinessCommunication/story_content/video_61c1PS1vJE2_48_960x540.hls/._stream_1data000014.ts
Skipping macOS metadata: __MACOSX/BusinessCommunication/story_content/video_61c1PS1vJE2_48_960x540.hls/._stream_1data000020.ts
Skipping macOS metadata: __MACOSX/BusinessCommunication/story_content/video_61c1PS1vJE2_48_960x540.hls/._stream_1data000004.ts
Skipping macOS metadata: __MACOSX/BusinessCommunication/story_content/video_61c1PS1vJE2_48_960x540.hls/._stream_2data000012.ts
Skipping macOS metadata: __MACOSX/BusinessCommunication/story_content/video_61c1PS1vJE2_48_960x540.hls/._stream_0data000011.ts
Skipping macOS metadata: __MACOSX/BusinessCommunication/story_content/video_61c1PS1vJE2_48_960x540.hls/._stream_3data000007.ts
Skipping macOS metadata: __MACOSX/BusinessCommunication/story_content/video_61c1PS1vJE2_48_960x540.hls/._stream_0data000005.ts
Skipping macOS metadata: __MACOSX/BusinessCommunication/story_content/video_61c1PS1vJE2_48_960x540.hls/._stream_3data000013.ts
Skipping macOS metadata: __MACOSX/BusinessCommunication/story_content/video_61c1PS1vJE2_48_960x540.hls/._stream_1data000024.ts
Skipping macOS metadata: __MACOSX/BusinessCommunication/story_content/video_61c1PS1vJE2_48_960x540.hls/._stream_1data000010.ts
Skipping macOS metadata: __MACOSX/BusinessCommunication/story_content/video_61c1PS1vJE2_48_960x540.hls/._stream_2data000006.ts
Skipping macOS metadata: __MACOSX/BusinessCommunication/story_content/video_61c1PS1vJE2_48_960x540.hls/._stream_2data000016.ts
Skipping macOS metadata: __MACOSX/BusinessCommunication/story_content/video_61c1PS1vJE2_48_960x540.hls/._stream_1data000000.ts
Skipping macOS metadata: __MACOSX/BusinessCommunication/story_content/video_61c1PS1vJE2_48_960x540.hls/._stream_2data000022.ts
Skipping macOS metadata: __MACOSX/BusinessCommunication/story_content/video_61c1PS1vJE2_48_960x540.hls/._stream_0data000021.ts
Skipping macOS metadata: __MACOSX/BusinessCommunication/story_content/video_61c1PS1vJE2_48_960x540.hls/._stream_3data000003.ts
Skipping macOS metadata: __MACOSX/BusinessCommunication/story_content/video_61c1PS1vJE2_48_960x540.hls/._stream_0data000015.ts
Skipping macOS metadata: __MACOSX/BusinessCommunication/story_content/video_61c1PS1vJE2_48_960x540.hls/._stream_3data000018.ts
Skipping macOS metadata: __MACOSX/BusinessCommunication/story_content/video_61c1PS1vJE2_48_960x540.hls/._stream_3data000008.ts
Skipping macOS metadata: __MACOSX/BusinessCommunication/story_content/video_61c1PS1vJE2_48_960x540.hls/._stream_1.m3u8
Skipping macOS metadata: __MACOSX/BusinessCommunication/story_content/video_61c1PS1vJE2_48_960x540.hls/._stream_2data000009.ts
Skipping macOS metadata: __MACOSX/BusinessCommunication/story_content/video_61c1PS1vJE2_48_960x540.hls/._stream_2data000019.ts
Skipping macOS metadata: __MACOSX/BusinessCommunication/story_content/video_61c1PS1vJE2_48_960x540.hls/._stream_2data000008.ts
Skipping macOS metadata: __MACOSX/BusinessCommunication/story_content/video_61c1PS1vJE2_48_960x540.hls/._stream_2data000018.ts
Skipping macOS metadata: __MACOSX/BusinessCommunication/story_content/video_61c1PS1vJE2_48_960x540.hls/._stream_0.m3u8
Skipping macOS metadata: __MACOSX/BusinessCommunication/story_content/video_61c1PS1vJE2_48_960x540.hls/._stream_3data000019.ts
Skipping macOS metadata: __MACOSX/BusinessCommunication/story_content/video_61c1PS1vJE2_48_960x540.hls/._main.m3u8
Skipping macOS metadata: __MACOSX/BusinessCommunication/story_content/video_61c1PS1vJE2_48_960x540.hls/._stream_3data000009.ts
Skipping macOS metadata: __MACOSX/BusinessCommunication/story_content/video_6P9ZzMg99aq_48_370x324.hls/._stream_3.m3u8
Skipping macOS metadata: __MACOSX/BusinessCommunication/story_content/video_6P9ZzMg99aq_48_370x324.hls/._stream_2.m3u8
Skipping macOS metadata: __MACOSX/BusinessCommunication/story_content/video_6P9ZzMg99aq_48_370x324.hls/._stream_0data000002.ts
Skipping macOS metadata: __MACOSX/BusinessCommunication/story_content/video_6P9ZzMg99aq_48_370x324.hls/._stream_2data000001.ts
Skipping macOS metadata: __MACOSX/BusinessCommunication/story_content/video_6P9ZzMg99aq_48_370x324.hls/._stream_3data000004.ts
Skipping macOS metadata: __MACOSX/BusinessCommunication/story_content/video_6P9ZzMg99aq_48_370x324.hls/._stream_1data000003.ts
Skipping macOS metadata: __MACOSX/BusinessCommunication/story_content/video_6P9ZzMg99aq_48_370x324.hls/._stream_3data000000.ts
Skipping macOS metadata: __MACOSX/BusinessCommunication/story_content/video_6P9ZzMg99aq_48_370x324.hls/._stream_2data000004.ts
Skipping macOS metadata: __MACOSX/BusinessCommunication/story_content/video_6P9ZzMg99aq_48_370x324.hls/._stream_1data000002.ts
Skipping macOS metadata: __MACOSX/BusinessCommunication/story_content/video_6P9ZzMg99aq_48_370x324.hls/._stream_3data000001.ts
Skipping macOS metadata: __MACOSX/BusinessCommunication/story_content/video_6P9ZzMg99aq_48_370x324.hls/._stream_0data000003.ts
Skipping macOS metadata: __MACOSX/BusinessCommunication/story_content/video_6P9ZzMg99aq_48_370x324.hls/._stream_2data000000.ts
Skipping macOS metadata: __MACOSX/BusinessCommunication/story_content/video_6P9ZzMg99aq_48_370x324.hls/._stream_0data000004.ts
Skipping macOS metadata: __MACOSX/BusinessCommunication/story_content/video_6P9ZzMg99aq_48_370x324.hls/._stream_1data000001.ts
Skipping macOS metadata: __MACOSX/BusinessCommunication/story_content/video_6P9ZzMg99aq_48_370x324.hls/._stream_3data000002.ts
Skipping macOS metadata: __MACOSX/BusinessCommunication/story_content/video_6P9ZzMg99aq_48_370x324.hls/._stream_0data000000.ts
Skipping macOS metadata: __MACOSX/BusinessCommunication/story_content/video_6P9ZzMg99aq_48_370x324.hls/._stream_2data000003.ts
Skipping macOS metadata: __MACOSX/BusinessCommunication/story_content/video_6P9ZzMg99aq_48_370x324.hls/._stream_0data000001.ts
Skipping macOS metadata: __MACOSX/BusinessCommunication/story_content/video_6P9ZzMg99aq_48_370x324.hls/._stream_2data000002.ts
Skipping macOS metadata: __MACOSX/BusinessCommunication/story_content/video_6P9ZzMg99aq_48_370x324.hls/._stream_1data000004.ts
Skipping macOS metadata: __MACOSX/BusinessCommunication/story_content/video_6P9ZzMg99aq_48_370x324.hls/._stream_0data000005.ts
Skipping macOS metadata: __MACOSX/BusinessCommunication/story_content/video_6P9ZzMg99aq_48_370x324.hls/._stream_1data000000.ts
Skipping macOS metadata: __MACOSX/BusinessCommunication/story_content/video_6P9ZzMg99aq_48_370x324.hls/._stream_3data000003.ts
Skipping macOS metadata: __MACOSX/BusinessCommunication/story_content/video_6P9ZzMg99aq_48_370x324.hls/._stream_1.m3u8
Skipping macOS metadata: __MACOSX/BusinessCommunication/story_content/video_6P9ZzMg99aq_48_370x324.hls/._stream_0.m3u8
Skipping macOS metadata: __MACOSX/BusinessCommunication/story_content/video_6P9ZzMg99aq_48_370x324.hls/._main.m3u8
Skipping macOS metadata: __MACOSX/BusinessCommunication/story_content/video_6T7HDwCLEMV_48_1920x1080.hls/._stream_3.m3u8
Skipping macOS metadata: __MACOSX/BusinessCommunication/story_content/video_6T7HDwCLEMV_48_1920x1080.hls/._stream_2.m3u8
Skipping macOS metadata: __MACOSX/BusinessCommunication/story_content/video_6T7HDwCLEMV_48_1920x1080.hls/._stream_0data000002.ts
Skipping macOS metadata: __MACOSX/BusinessCommunication/story_content/video_6T7HDwCLEMV_48_1920x1080.hls/._stream_2data000001.ts
Skipping macOS metadata: __MACOSX/BusinessCommunication/story_content/video_6T7HDwCLEMV_48_1920x1080.hls/._stream_3data000004.ts
Skipping macOS metadata: __MACOSX/BusinessCommunication/story_content/video_6T7HDwCLEMV_48_1920x1080.hls/._stream_2data000005.ts
Skipping macOS metadata: __MACOSX/BusinessCommunication/story_content/video_6T7HDwCLEMV_48_1920x1080.hls/._stream_1data000003.ts
Skipping macOS metadata: __MACOSX/BusinessCommunication/story_content/video_6T7HDwCLEMV_48_1920x1080.hls/._stream_3data000000.ts
Skipping macOS metadata: __MACOSX/BusinessCommunication/story_content/video_6T7HDwCLEMV_48_1920x1080.hls/._stream_2data000004.ts
Skipping macOS metadata: __MACOSX/BusinessCommunication/story_content/video_6T7HDwCLEMV_48_1920x1080.hls/._stream_1data000002.ts
Skipping macOS metadata: __MACOSX/BusinessCommunication/story_content/video_6T7HDwCLEMV_48_1920x1080.hls/._stream_3data000001.ts
Skipping macOS metadata: __MACOSX/BusinessCommunication/story_content/video_6T7HDwCLEMV_48_1920x1080.hls/._stream_0data000003.ts
Skipping macOS metadata: __MACOSX/BusinessCommunication/story_content/video_6T7HDwCLEMV_48_1920x1080.hls/._stream_2data000000.ts
Skipping macOS metadata: __MACOSX/BusinessCommunication/story_content/video_6T7HDwCLEMV_48_1920x1080.hls/._stream_3data000005.ts
Skipping macOS metadata: __MACOSX/BusinessCommunication/story_content/video_6T7HDwCLEMV_48_1920x1080.hls/._stream_0data000004.ts
Skipping macOS metadata: __MACOSX/BusinessCommunication/story_content/video_6T7HDwCLEMV_48_1920x1080.hls/._stream_1data000001.ts
Skipping macOS metadata: __MACOSX/BusinessCommunication/story_content/video_6T7HDwCLEMV_48_1920x1080.hls/._stream_3data000002.ts
Skipping macOS metadata: __MACOSX/BusinessCommunication/story_content/video_6T7HDwCLEMV_48_1920x1080.hls/._stream_0data000000.ts
Skipping macOS metadata: __MACOSX/BusinessCommunication/story_content/video_6T7HDwCLEMV_48_1920x1080.hls/._stream_2data000003.ts
Skipping macOS metadata: __MACOSX/BusinessCommunication/story_content/video_6T7HDwCLEMV_48_1920x1080.hls/._stream_1data000005.ts
Skipping macOS metadata: __MACOSX/BusinessCommunication/story_content/video_6T7HDwCLEMV_48_1920x1080.hls/._stream_0data000001.ts
Skipping macOS metadata: __MACOSX/BusinessCommunication/story_content/video_6T7HDwCLEMV_48_1920x1080.hls/._stream_2data000002.ts
Skipping macOS metadata: __MACOSX/BusinessCommunication/story_content/video_6T7HDwCLEMV_48_1920x1080.hls/._stream_1data000004.ts
Skipping macOS metadata: __MACOSX/BusinessCommunication/story_content/video_6T7HDwCLEMV_48_1920x1080.hls/._stream_0data000005.ts
Skipping macOS metadata: __MACOSX/BusinessCommunication/story_content/video_6T7HDwCLEMV_48_1920x1080.hls/._stream_1data000000.ts
Skipping macOS metadata: __MACOSX/BusinessCommunication/story_content/video_6T7HDwCLEMV_48_1920x1080.hls/._stream_3data000003.ts
Skipping macOS metadata: __MACOSX/BusinessCommunication/story_content/video_6T7HDwCLEMV_48_1920x1080.hls/._stream_1.m3u8
Skipping macOS metadata: __MACOSX/BusinessCommunication/story_content/video_6T7HDwCLEMV_48_1920x1080.hls/._stream_0.m3u8
Skipping macOS metadata: __MACOSX/BusinessCommunication/story_content/video_6T7HDwCLEMV_48_1920x1080.hls/._main.m3u8
Skipping macOS metadata: __MACOSX/BusinessCommunication/story_content/video_6p2cQpwcuaE_48_1920x1080.hls/._stream_3.m3u8
Skipping macOS metadata: __MACOSX/BusinessCommunication/story_content/video_6p2cQpwcuaE_48_1920x1080.hls/._stream_2.m3u8
Skipping macOS metadata: __MACOSX/BusinessCommunication/story_content/video_6p2cQpwcuaE_48_1920x1080.hls/._stream_0data000002.ts
Skipping macOS metadata: __MACOSX/BusinessCommunication/story_content/video_6p2cQpwcuaE_48_1920x1080.hls/._stream_2data000001.ts
Skipping macOS metadata: __MACOSX/BusinessCommunication/story_content/video_6p2cQpwcuaE_48_1920x1080.hls/._stream_3data000000.ts
Skipping macOS metadata: __MACOSX/BusinessCommunication/story_content/video_6p2cQpwcuaE_48_1920x1080.hls/._stream_1data000002.ts
Skipping macOS metadata: __MACOSX/BusinessCommunication/story_content/video_6p2cQpwcuaE_48_1920x1080.hls/._stream_3data000001.ts
Skipping macOS metadata: __MACOSX/BusinessCommunication/story_content/video_6p2cQpwcuaE_48_1920x1080.hls/._stream_2data000000.ts
Skipping macOS metadata: __MACOSX/BusinessCommunication/story_content/video_6p2cQpwcuaE_48_1920x1080.hls/._stream_1data000001.ts
Skipping macOS metadata: __MACOSX/BusinessCommunication/story_content/video_6p2cQpwcuaE_48_1920x1080.hls/._stream_3data000002.ts
Skipping macOS metadata: __MACOSX/BusinessCommunication/story_content/video_6p2cQpwcuaE_48_1920x1080.hls/._stream_0data000000.ts
Skipping macOS metadata: __MACOSX/BusinessCommunication/story_content/video_6p2cQpwcuaE_48_1920x1080.hls/._stream_0data000001.ts
Skipping macOS metadata: __MACOSX/BusinessCommunication/story_content/video_6p2cQpwcuaE_48_1920x1080.hls/._stream_2data000002.ts
Skipping macOS metadata: __MACOSX/BusinessCommunication/story_content/video_6p2cQpwcuaE_48_1920x1080.hls/._stream_1data000000.ts
Skipping macOS metadata: __MACOSX/BusinessCommunication/story_content/video_6p2cQpwcuaE_48_1920x1080.hls/._stream_1.m3u8
Skipping macOS metadata: __MACOSX/BusinessCommunication/story_content/video_6p2cQpwcuaE_48_1920x1080.hls/._stream_0.m3u8
Skipping macOS metadata: __MACOSX/BusinessCommunication/story_content/video_6p2cQpwcuaE_48_1920x1080.hls/._main.m3u8
Skipping macOS metadata: __MACOSX/BusinessCommunication/story_content/video_5k4nGod5oll_48_1920x1080.hls/._stream_3.m3u8
Skipping macOS metadata: __MACOSX/BusinessCommunication/story_content/video_5k4nGod5oll_48_1920x1080.hls/._stream_2.m3u8
Skipping macOS metadata: __MACOSX/BusinessCommunication/story_content/video_5k4nGod5oll_48_1920x1080.hls/._stream_0data000002.ts
Skipping macOS metadata: __MACOSX/BusinessCommunication/story_content/video_5k4nGod5oll_48_1920x1080.hls/._stream_2data000001.ts
Skipping macOS metadata: __MACOSX/BusinessCommunication/story_content/video_5k4nGod5oll_48_1920x1080.hls/._stream_3data000004.ts
Skipping macOS metadata: __MACOSX/BusinessCommunication/story_content/video_5k4nGod5oll_48_1920x1080.hls/._stream_2data000005.ts
Skipping macOS metadata: __MACOSX/BusinessCommunication/story_content/video_5k4nGod5oll_48_1920x1080.hls/._stream_1data000003.ts
Skipping macOS metadata: __MACOSX/BusinessCommunication/story_content/video_5k4nGod5oll_48_1920x1080.hls/._stream_3data000000.ts
Skipping macOS metadata: __MACOSX/BusinessCommunication/story_content/video_5k4nGod5oll_48_1920x1080.hls/._stream_2data000004.ts
Skipping macOS metadata: __MACOSX/BusinessCommunication/story_content/video_5k4nGod5oll_48_1920x1080.hls/._stream_1data000002.ts
Skipping macOS metadata: __MACOSX/BusinessCommunication/story_content/video_5k4nGod5oll_48_1920x1080.hls/._stream_3data000001.ts
Skipping macOS metadata: __MACOSX/BusinessCommunication/story_content/video_5k4nGod5oll_48_1920x1080.hls/._stream_0data000003.ts
Skipping macOS metadata: __MACOSX/BusinessCommunication/story_content/video_5k4nGod5oll_48_1920x1080.hls/._stream_2data000000.ts
Skipping macOS metadata: __MACOSX/BusinessCommunication/story_content/video_5k4nGod5oll_48_1920x1080.hls/._stream_3data000005.ts
Skipping macOS metadata: __MACOSX/BusinessCommunication/story_content/video_5k4nGod5oll_48_1920x1080.hls/._stream_0data000004.ts
Skipping macOS metadata: __MACOSX/BusinessCommunication/story_content/video_5k4nGod5oll_48_1920x1080.hls/._stream_1data000001.ts
Skipping macOS metadata: __MACOSX/BusinessCommunication/story_content/video_5k4nGod5oll_48_1920x1080.hls/._stream_3data000002.ts
Skipping macOS metadata: __MACOSX/BusinessCommunication/story_content/video_5k4nGod5oll_48_1920x1080.hls/._stream_0data000000.ts
Skipping macOS metadata: __MACOSX/BusinessCommunication/story_content/video_5k4nGod5oll_48_1920x1080.hls/._stream_2data000003.ts
Skipping macOS metadata: __MACOSX/BusinessCommunication/story_content/video_5k4nGod5oll_48_1920x1080.hls/._stream_1data000005.ts
Skipping macOS metadata: __MACOSX/BusinessCommunication/story_content/video_5k4nGod5oll_48_1920x1080.hls/._stream_0data000001.ts
Skipping macOS metadata: __MACOSX/BusinessCommunication/story_content/video_5k4nGod5oll_48_1920x1080.hls/._stream_2data000002.ts
Skipping macOS metadata: __MACOSX/BusinessCommunication/story_content/video_5k4nGod5oll_48_1920x1080.hls/._stream_1data000004.ts
Skipping macOS metadata: __MACOSX/BusinessCommunication/story_content/video_5k4nGod5oll_48_1920x1080.hls/._stream_0data000005.ts
Skipping macOS metadata: __MACOSX/BusinessCommunication/story_content/video_5k4nGod5oll_48_1920x1080.hls/._stream_1data000000.ts
Skipping macOS metadata: __MACOSX/BusinessCommunication/story_content/video_5k4nGod5oll_48_1920x1080.hls/._stream_3data000003.ts
Skipping macOS metadata: __MACOSX/BusinessCommunication/story_content/video_5k4nGod5oll_48_1920x1080.hls/._stream_1.m3u8
Skipping macOS metadata: __MACOSX/BusinessCommunication/story_content/video_5k4nGod5oll_48_1920x1080.hls/._stream_0.m3u8
Skipping macOS metadata: __MACOSX/BusinessCommunication/story_content/video_5k4nGod5oll_48_1920x1080.hls/._main.m3u8
Skipping macOS metadata: __MACOSX/BusinessCommunication/story_content/video_68dyd42hBhv_48_1920x1080.hls/._stream_3.m3u8
Skipping macOS metadata: __MACOSX/BusinessCommunication/story_content/video_68dyd42hBhv_48_1920x1080.hls/._stream_2.m3u8
Skipping macOS metadata: __MACOSX/BusinessCommunication/story_content/video_68dyd42hBhv_48_1920x1080.hls/._stream_0data000002.ts
Skipping macOS metadata: __MACOSX/BusinessCommunication/story_content/video_68dyd42hBhv_48_1920x1080.hls/._stream_2data000001.ts
Skipping macOS metadata: __MACOSX/BusinessCommunication/story_content/video_68dyd42hBhv_48_1920x1080.hls/._stream_1data000003.ts
Skipping macOS metadata: __MACOSX/BusinessCommunication/story_content/video_68dyd42hBhv_48_1920x1080.hls/._stream_3data000000.ts
Skipping macOS metadata: __MACOSX/BusinessCommunication/story_content/video_68dyd42hBhv_48_1920x1080.hls/._stream_1data000002.ts
Skipping macOS metadata: __MACOSX/BusinessCommunication/story_content/video_68dyd42hBhv_48_1920x1080.hls/._stream_3data000001.ts
Skipping macOS metadata: __MACOSX/BusinessCommunication/story_content/video_68dyd42hBhv_48_1920x1080.hls/._stream_0data000003.ts
Skipping macOS metadata: __MACOSX/BusinessCommunication/story_content/video_68dyd42hBhv_48_1920x1080.hls/._stream_2data000000.ts
Skipping macOS metadata: __MACOSX/BusinessCommunication/story_content/video_68dyd42hBhv_48_1920x1080.hls/._stream_1data000001.ts
Skipping macOS metadata: __MACOSX/BusinessCommunication/story_content/video_68dyd42hBhv_48_1920x1080.hls/._stream_3data000002.ts
Skipping macOS metadata: __MACOSX/BusinessCommunication/story_content/video_68dyd42hBhv_48_1920x1080.hls/._stream_0data000000.ts
Skipping macOS metadata: __MACOSX/BusinessCommunication/story_content/video_68dyd42hBhv_48_1920x1080.hls/._stream_2data000003.ts
Skipping macOS metadata: __MACOSX/BusinessCommunication/story_content/video_68dyd42hBhv_48_1920x1080.hls/._stream_0data000001.ts
Skipping macOS metadata: __MACOSX/BusinessCommunication/story_content/video_68dyd42hBhv_48_1920x1080.hls/._stream_2data000002.ts
Skipping macOS metadata: __MACOSX/BusinessCommunication/story_content/video_68dyd42hBhv_48_1920x1080.hls/._stream_1data000000.ts
Skipping macOS metadata: __MACOSX/BusinessCommunication/story_content/video_68dyd42hBhv_48_1920x1080.hls/._stream_3data000003.ts
Skipping macOS metadata: __MACOSX/BusinessCommunication/story_content/video_68dyd42hBhv_48_1920x1080.hls/._stream_1.m3u8
Skipping macOS metadata: __MACOSX/BusinessCommunication/story_content/video_68dyd42hBhv_48_1920x1080.hls/._stream_0.m3u8
Skipping macOS metadata: __MACOSX/BusinessCommunication/story_content/video_68dyd42hBhv_48_1920x1080.hls/._main.m3u8
Skipping macOS metadata: __MACOSX/BusinessCommunication/story_content/video_6mTnro42P1v_48_960x540.hls/._stream_3.m3u8
Skipping macOS metadata: __MACOSX/BusinessCommunication/story_content/video_6mTnro42P1v_48_960x540.hls/._stream_0data000008.ts
Skipping macOS metadata: __MACOSX/BusinessCommunication/story_content/video_6mTnro42P1v_48_960x540.hls/._stream_1data000009.ts
Skipping macOS metadata: __MACOSX/BusinessCommunication/story_content/video_6mTnro42P1v_48_960x540.hls/._stream_1data000008.ts
Skipping macOS metadata: __MACOSX/BusinessCommunication/story_content/video_6mTnro42P1v_48_960x540.hls/._stream_0data000009.ts
Skipping macOS metadata: __MACOSX/BusinessCommunication/story_content/video_6mTnro42P1v_48_960x540.hls/._stream_2.m3u8
Skipping macOS metadata: __MACOSX/BusinessCommunication/story_content/video_6mTnro42P1v_48_960x540.hls/._stream_0data000002.ts
Skipping macOS metadata: __MACOSX/BusinessCommunication/story_content/video_6mTnro42P1v_48_960x540.hls/._stream_3data000014.ts
Skipping macOS metadata: __MACOSX/BusinessCommunication/story_content/video_6mTnro42P1v_48_960x540.hls/._stream_2data000001.ts
Skipping macOS metadata: __MACOSX/BusinessCommunication/story_content/video_6mTnro42P1v_48_960x540.hls/._stream_2data000011.ts
Skipping macOS metadata: __MACOSX/BusinessCommunication/story_content/video_6mTnro42P1v_48_960x540.hls/._stream_1data000007.ts
Skipping macOS metadata: __MACOSX/BusinessCommunication/story_content/video_6mTnro42P1v_48_960x540.hls/._stream_3data000004.ts
Skipping macOS metadata: __MACOSX/BusinessCommunication/story_content/video_6mTnro42P1v_48_960x540.hls/._stream_0data000012.ts
Skipping macOS metadata: __MACOSX/BusinessCommunication/story_content/video_6mTnro42P1v_48_960x540.hls/._stream_3data000010.ts
Skipping macOS metadata: __MACOSX/BusinessCommunication/story_content/video_6mTnro42P1v_48_960x540.hls/._stream_0data000006.ts
Skipping macOS metadata: __MACOSX/BusinessCommunication/story_content/video_6mTnro42P1v_48_960x540.hls/._stream_2data000005.ts
Skipping macOS metadata: __MACOSX/BusinessCommunication/story_content/video_6mTnro42P1v_48_960x540.hls/._stream_1data000013.ts
Skipping macOS metadata: __MACOSX/BusinessCommunication/story_content/video_6mTnro42P1v_48_960x540.hls/._stream_1data000003.ts
Skipping macOS metadata: __MACOSX/BusinessCommunication/story_content/video_6mTnro42P1v_48_960x540.hls/._stream_2data000015.ts
Skipping macOS metadata: __MACOSX/BusinessCommunication/story_content/video_6mTnro42P1v_48_960x540.hls/._stream_3data000000.ts
Skipping macOS metadata: __MACOSX/BusinessCommunication/story_content/video_6mTnro42P1v_48_960x540.hls/._stream_3data000011.ts
Skipping macOS metadata: __MACOSX/BusinessCommunication/story_content/video_6mTnro42P1v_48_960x540.hls/._stream_0data000007.ts
Skipping macOS metadata: __MACOSX/BusinessCommunication/story_content/video_6mTnro42P1v_48_960x540.hls/._stream_2data000004.ts
Skipping macOS metadata: __MACOSX/BusinessCommunication/story_content/video_6mTnro42P1v_48_960x540.hls/._stream_1data000012.ts
Skipping macOS metadata: __MACOSX/BusinessCommunication/story_content/video_6mTnro42P1v_48_960x540.hls/._stream_1data000002.ts
Skipping macOS metadata: __MACOSX/BusinessCommunication/story_content/video_6mTnro42P1v_48_960x540.hls/._stream_2data000014.ts
Skipping macOS metadata: __MACOSX/BusinessCommunication/story_content/video_6mTnro42P1v_48_960x540.hls/._stream_3data000001.ts
Skipping macOS metadata: __MACOSX/BusinessCommunication/story_content/video_6mTnro42P1v_48_960x540.hls/._stream_0data000003.ts
Skipping macOS metadata: __MACOSX/BusinessCommunication/story_content/video_6mTnro42P1v_48_960x540.hls/._stream_3data000015.ts
Skipping macOS metadata: __MACOSX/BusinessCommunication/story_content/video_6mTnro42P1v_48_960x540.hls/._stream_2data000000.ts
Skipping macOS metadata: __MACOSX/BusinessCommunication/story_content/video_6mTnro42P1v_48_960x540.hls/._stream_2data000010.ts
Skipping macOS metadata: __MACOSX/BusinessCommunication/story_content/video_6mTnro42P1v_48_960x540.hls/._stream_1data000006.ts
Skipping macOS metadata: __MACOSX/BusinessCommunication/story_content/video_6mTnro42P1v_48_960x540.hls/._stream_3data000005.ts
Skipping macOS metadata: __MACOSX/BusinessCommunication/story_content/video_6mTnro42P1v_48_960x540.hls/._stream_0data000013.ts
Skipping macOS metadata: __MACOSX/BusinessCommunication/story_content/video_6mTnro42P1v_48_960x540.hls/._stream_0data000004.ts
Skipping macOS metadata: __MACOSX/BusinessCommunication/story_content/video_6mTnro42P1v_48_960x540.hls/._stream_3data000012.ts
Skipping macOS metadata: __MACOSX/BusinessCommunication/story_content/video_6mTnro42P1v_48_960x540.hls/._stream_1data000011.ts
Skipping macOS metadata: __MACOSX/BusinessCommunication/story_content/video_6mTnro42P1v_48_960x540.hls/._stream_2data000007.ts
Skipping macOS metadata: __MACOSX/BusinessCommunication/story_content/video_6mTnro42P1v_48_960x540.hls/._stream_1data000001.ts
Skipping macOS metadata: __MACOSX/BusinessCommunication/story_content/video_6mTnro42P1v_48_960x540.hls/._stream_3data000002.ts
Skipping macOS metadata: __MACOSX/BusinessCommunication/story_content/video_6mTnro42P1v_48_960x540.hls/._stream_0data000014.ts
Skipping macOS metadata: __MACOSX/BusinessCommunication/story_content/video_6mTnro42P1v_48_960x540.hls/._stream_0data000000.ts
Skipping macOS metadata: __MACOSX/BusinessCommunication/story_content/video_6mTnro42P1v_48_960x540.hls/._stream_2data000003.ts
Skipping macOS metadata: __MACOSX/BusinessCommunication/story_content/video_6mTnro42P1v_48_960x540.hls/._stream_1data000015.ts
Skipping macOS metadata: __MACOSX/BusinessCommunication/story_content/video_6mTnro42P1v_48_960x540.hls/._stream_1data000005.ts
Skipping macOS metadata: __MACOSX/BusinessCommunication/story_content/video_6mTnro42P1v_48_960x540.hls/._stream_2data000013.ts
Skipping macOS metadata: __MACOSX/BusinessCommunication/story_content/video_6mTnro42P1v_48_960x540.hls/._stream_0data000010.ts
Skipping macOS metadata: __MACOSX/BusinessCommunication/story_content/video_6mTnro42P1v_48_960x540.hls/._stream_3data000006.ts
Skipping macOS metadata: __MACOSX/BusinessCommunication/story_content/video_6mTnro42P1v_48_960x540.hls/._stream_0data000001.ts
Skipping macOS metadata: __MACOSX/BusinessCommunication/story_content/video_6mTnro42P1v_48_960x540.hls/._stream_2data000002.ts
Skipping macOS metadata: __MACOSX/BusinessCommunication/story_content/video_6mTnro42P1v_48_960x540.hls/._stream_1data000014.ts
Skipping macOS metadata: __MACOSX/BusinessCommunication/story_content/video_6mTnro42P1v_48_960x540.hls/._stream_1data000004.ts
Skipping macOS metadata: __MACOSX/BusinessCommunication/story_content/video_6mTnro42P1v_48_960x540.hls/._stream_2data000012.ts
Skipping macOS metadata: __MACOSX/BusinessCommunication/story_content/video_6mTnro42P1v_48_960x540.hls/._stream_0data000011.ts
Skipping macOS metadata: __MACOSX/BusinessCommunication/story_content/video_6mTnro42P1v_48_960x540.hls/._stream_3data000007.ts
Skipping macOS metadata: __MACOSX/BusinessCommunication/story_content/video_6mTnro42P1v_48_960x540.hls/._stream_0data000005.ts
Skipping macOS metadata: __MACOSX/BusinessCommunication/story_content/video_6mTnro42P1v_48_960x540.hls/._stream_3data000013.ts
Skipping macOS metadata: __MACOSX/BusinessCommunication/story_content/video_6mTnro42P1v_48_960x540.hls/._stream_1data000010.ts
Skipping macOS metadata: __MACOSX/BusinessCommunication/story_content/video_6mTnro42P1v_48_960x540.hls/._stream_2data000006.ts
Skipping macOS metadata: __MACOSX/BusinessCommunication/story_content/video_6mTnro42P1v_48_960x540.hls/._stream_1data000000.ts
Skipping macOS metadata: __MACOSX/BusinessCommunication/story_content/video_6mTnro42P1v_48_960x540.hls/._stream_3data000003.ts
Skipping macOS metadata: __MACOSX/BusinessCommunication/story_content/video_6mTnro42P1v_48_960x540.hls/._stream_0data000015.ts
Skipping macOS metadata: __MACOSX/BusinessCommunication/story_content/video_6mTnro42P1v_48_960x540.hls/._stream_3data000008.ts
Skipping macOS metadata: __MACOSX/BusinessCommunication/story_content/video_6mTnro42P1v_48_960x540.hls/._stream_1.m3u8
Skipping macOS metadata: __MACOSX/BusinessCommunication/story_content/video_6mTnro42P1v_48_960x540.hls/._stream_2data000009.ts
Skipping macOS metadata: __MACOSX/BusinessCommunication/story_content/video_6mTnro42P1v_48_960x540.hls/._stream_2data000008.ts
Skipping macOS metadata: __MACOSX/BusinessCommunication/story_content/video_6mTnro42P1v_48_960x540.hls/._stream_0.m3u8
Skipping macOS metadata: __MACOSX/BusinessCommunication/story_content/video_6mTnro42P1v_48_960x540.hls/._main.m3u8
Skipping macOS metadata: __MACOSX/BusinessCommunication/story_content/video_6mTnro42P1v_48_960x540.hls/._stream_3data000009.ts
Skipping macOS metadata: __MACOSX/BusinessCommunication/story_content/video_6ZOWZblASyY_48_960x540.hls/._stream_3.m3u8
Skipping macOS metadata: __MACOSX/BusinessCommunication/story_content/video_6ZOWZblASyY_48_960x540.hls/._stream_0data000008.ts
Skipping macOS metadata: __MACOSX/BusinessCommunication/story_content/video_6ZOWZblASyY_48_960x540.hls/._stream_1data000009.ts
Skipping macOS metadata: __MACOSX/BusinessCommunication/story_content/video_6ZOWZblASyY_48_960x540.hls/._stream_1data000008.ts
Skipping macOS metadata: __MACOSX/BusinessCommunication/story_content/video_6ZOWZblASyY_48_960x540.hls/._stream_0data000009.ts
Skipping macOS metadata: __MACOSX/BusinessCommunication/story_content/video_6ZOWZblASyY_48_960x540.hls/._stream_2.m3u8
Skipping macOS metadata: __MACOSX/BusinessCommunication/story_content/video_6ZOWZblASyY_48_960x540.hls/._stream_0data000002.ts
Skipping macOS metadata: __MACOSX/BusinessCommunication/story_content/video_6ZOWZblASyY_48_960x540.hls/._stream_2data000001.ts
Skipping macOS metadata: __MACOSX/BusinessCommunication/story_content/video_6ZOWZblASyY_48_960x540.hls/._stream_1data000007.ts
Skipping macOS metadata: __MACOSX/BusinessCommunication/story_content/video_6ZOWZblASyY_48_960x540.hls/._stream_3data000004.ts
Skipping macOS metadata: __MACOSX/BusinessCommunication/story_content/video_6ZOWZblASyY_48_960x540.hls/._stream_3data000010.ts
Skipping macOS metadata: __MACOSX/BusinessCommunication/story_content/video_6ZOWZblASyY_48_960x540.hls/._stream_0data000006.ts
Skipping macOS metadata: __MACOSX/BusinessCommunication/story_content/video_6ZOWZblASyY_48_960x540.hls/._stream_2data000005.ts
Skipping macOS metadata: __MACOSX/BusinessCommunication/story_content/video_6ZOWZblASyY_48_960x540.hls/._stream_1data000003.ts
Skipping macOS metadata: __MACOSX/BusinessCommunication/story_content/video_6ZOWZblASyY_48_960x540.hls/._stream_3data000000.ts
Skipping macOS metadata: __MACOSX/BusinessCommunication/story_content/video_6ZOWZblASyY_48_960x540.hls/._stream_0data000007.ts
Skipping macOS metadata: __MACOSX/BusinessCommunication/story_content/video_6ZOWZblASyY_48_960x540.hls/._stream_2data000004.ts
Skipping macOS metadata: __MACOSX/BusinessCommunication/story_content/video_6ZOWZblASyY_48_960x540.hls/._stream_1data000002.ts
Skipping macOS metadata: __MACOSX/BusinessCommunication/story_content/video_6ZOWZblASyY_48_960x540.hls/._stream_3data000001.ts
Skipping macOS metadata: __MACOSX/BusinessCommunication/story_content/video_6ZOWZblASyY_48_960x540.hls/._stream_0data000003.ts
Skipping macOS metadata: __MACOSX/BusinessCommunication/story_content/video_6ZOWZblASyY_48_960x540.hls/._stream_2data000000.ts
Skipping macOS metadata: __MACOSX/BusinessCommunication/story_content/video_6ZOWZblASyY_48_960x540.hls/._stream_2data000010.ts
Skipping macOS metadata: __MACOSX/BusinessCommunication/story_content/video_6ZOWZblASyY_48_960x540.hls/._stream_1data000006.ts
Skipping macOS metadata: __MACOSX/BusinessCommunication/story_content/video_6ZOWZblASyY_48_960x540.hls/._stream_3data000005.ts
Skipping macOS metadata: __MACOSX/BusinessCommunication/story_content/video_6ZOWZblASyY_48_960x540.hls/._stream_0data000004.ts
Skipping macOS metadata: __MACOSX/BusinessCommunication/story_content/video_6ZOWZblASyY_48_960x540.hls/._stream_2data000007.ts
Skipping macOS metadata: __MACOSX/BusinessCommunication/story_content/video_6ZOWZblASyY_48_960x540.hls/._stream_1data000001.ts
Skipping macOS metadata: __MACOSX/BusinessCommunication/story_content/video_6ZOWZblASyY_48_960x540.hls/._stream_3data000002.ts
Skipping macOS metadata: __MACOSX/BusinessCommunication/story_content/video_6ZOWZblASyY_48_960x540.hls/._stream_0data000000.ts
Skipping macOS metadata: __MACOSX/BusinessCommunication/story_content/video_6ZOWZblASyY_48_960x540.hls/._stream_2data000003.ts
Skipping macOS metadata: __MACOSX/BusinessCommunication/story_content/video_6ZOWZblASyY_48_960x540.hls/._stream_1data000005.ts
Skipping macOS metadata: __MACOSX/BusinessCommunication/story_content/video_6ZOWZblASyY_48_960x540.hls/._stream_0data000010.ts
Skipping macOS metadata: __MACOSX/BusinessCommunication/story_content/video_6ZOWZblASyY_48_960x540.hls/._stream_3data000006.ts
Skipping macOS metadata: __MACOSX/BusinessCommunication/story_content/video_6ZOWZblASyY_48_960x540.hls/._stream_0data000001.ts
Skipping macOS metadata: __MACOSX/BusinessCommunication/story_content/video_6ZOWZblASyY_48_960x540.hls/._stream_2data000002.ts
Skipping macOS metadata: __MACOSX/BusinessCommunication/story_content/video_6ZOWZblASyY_48_960x540.hls/._stream_1data000004.ts
Skipping macOS metadata: __MACOSX/BusinessCommunication/story_content/video_6ZOWZblASyY_48_960x540.hls/._stream_3data000007.ts
Skipping macOS metadata: __MACOSX/BusinessCommunication/story_content/video_6ZOWZblASyY_48_960x540.hls/._stream_0data000005.ts
Skipping macOS metadata: __MACOSX/BusinessCommunication/story_content/video_6ZOWZblASyY_48_960x540.hls/._stream_1data000010.ts
Skipping macOS metadata: __MACOSX/BusinessCommunication/story_content/video_6ZOWZblASyY_48_960x540.hls/._stream_2data000006.ts
Skipping macOS metadata: __MACOSX/BusinessCommunication/story_content/video_6ZOWZblASyY_48_960x540.hls/._stream_1data000000.ts
Skipping macOS metadata: __MACOSX/BusinessCommunication/story_content/video_6ZOWZblASyY_48_960x540.hls/._stream_3data000003.ts
Skipping macOS metadata: __MACOSX/BusinessCommunication/story_content/video_6ZOWZblASyY_48_960x540.hls/._stream_3data000008.ts
Skipping macOS metadata: __MACOSX/BusinessCommunication/story_content/video_6ZOWZblASyY_48_960x540.hls/._stream_1.m3u8
Skipping macOS metadata: __MACOSX/BusinessCommunication/story_content/video_6ZOWZblASyY_48_960x540.hls/._stream_2data000009.ts
Skipping macOS metadata: __MACOSX/BusinessCommunication/story_content/video_6ZOWZblASyY_48_960x540.hls/._stream_2data000008.ts
Skipping macOS metadata: __MACOSX/BusinessCommunication/story_content/video_6ZOWZblASyY_48_960x540.hls/._stream_0.m3u8
Skipping macOS metadata: __MACOSX/BusinessCommunication/story_content/video_6ZOWZblASyY_48_960x540.hls/._main.m3u8
Skipping macOS metadata: __MACOSX/BusinessCommunication/story_content/video_6ZOWZblASyY_48_960x540.hls/._stream_3data000009.ts
Skipping macOS metadata: __MACOSX/BusinessCommunication/story_content/video_5dwFu9nTF3t_48_1920x1080.hls/._stream_3.m3u8
Skipping macOS metadata: __MACOSX/BusinessCommunication/story_content/video_5dwFu9nTF3t_48_1920x1080.hls/._stream_2.m3u8
Skipping macOS metadata: __MACOSX/BusinessCommunication/story_content/video_5dwFu9nTF3t_48_1920x1080.hls/._stream_0data000002.ts
Skipping macOS metadata: __MACOSX/BusinessCommunication/story_content/video_5dwFu9nTF3t_48_1920x1080.hls/._stream_2data000001.ts
Skipping macOS metadata: __MACOSX/BusinessCommunication/story_content/video_5dwFu9nTF3t_48_1920x1080.hls/._stream_3data000004.ts
Skipping macOS metadata: __MACOSX/BusinessCommunication/story_content/video_5dwFu9nTF3t_48_1920x1080.hls/._stream_1data000003.ts
Skipping macOS metadata: __MACOSX/BusinessCommunication/story_content/video_5dwFu9nTF3t_48_1920x1080.hls/._stream_3data000000.ts
Skipping macOS metadata: __MACOSX/BusinessCommunication/story_content/video_5dwFu9nTF3t_48_1920x1080.hls/._stream_2data000004.ts
Skipping macOS metadata: __MACOSX/BusinessCommunication/story_content/video_5dwFu9nTF3t_48_1920x1080.hls/._stream_1data000002.ts
Skipping macOS metadata: __MACOSX/BusinessCommunication/story_content/video_5dwFu9nTF3t_48_1920x1080.hls/._stream_3data000001.ts
Skipping macOS metadata: __MACOSX/BusinessCommunication/story_content/video_5dwFu9nTF3t_48_1920x1080.hls/._stream_0data000003.ts
Skipping macOS metadata: __MACOSX/BusinessCommunication/story_content/video_5dwFu9nTF3t_48_1920x1080.hls/._stream_2data000000.ts
Skipping macOS metadata: __MACOSX/BusinessCommunication/story_content/video_5dwFu9nTF3t_48_1920x1080.hls/._stream_0data000004.ts
Skipping macOS metadata: __MACOSX/BusinessCommunication/story_content/video_5dwFu9nTF3t_48_1920x1080.hls/._stream_1data000001.ts
Skipping macOS metadata: __MACOSX/BusinessCommunication/story_content/video_5dwFu9nTF3t_48_1920x1080.hls/._stream_3data000002.ts
Skipping macOS metadata: __MACOSX/BusinessCommunication/story_content/video_5dwFu9nTF3t_48_1920x1080.hls/._stream_0data000000.ts
Skipping macOS metadata: __MACOSX/BusinessCommunication/story_content/video_5dwFu9nTF3t_48_1920x1080.hls/._stream_2data000003.ts
Skipping macOS metadata: __MACOSX/BusinessCommunication/story_content/video_5dwFu9nTF3t_48_1920x1080.hls/._stream_0data000001.ts
Skipping macOS metadata: __MACOSX/BusinessCommunication/story_content/video_5dwFu9nTF3t_48_1920x1080.hls/._stream_2data000002.ts
Skipping macOS metadata: __MACOSX/BusinessCommunication/story_content/video_5dwFu9nTF3t_48_1920x1080.hls/._stream_1data000004.ts
Skipping macOS metadata: __MACOSX/BusinessCommunication/story_content/video_5dwFu9nTF3t_48_1920x1080.hls/._stream_1data000000.ts
Skipping macOS metadata: __MACOSX/BusinessCommunication/story_content/video_5dwFu9nTF3t_48_1920x1080.hls/._stream_3data000003.ts
Skipping macOS metadata: __MACOSX/BusinessCommunication/story_content/video_5dwFu9nTF3t_48_1920x1080.hls/._stream_1.m3u8
Skipping macOS metadata: __MACOSX/BusinessCommunication/story_content/video_5dwFu9nTF3t_48_1920x1080.hls/._stream_0.m3u8
Skipping macOS metadata: __MACOSX/BusinessCommunication/story_content/video_5dwFu9nTF3t_48_1920x1080.hls/._main.m3u8
Skipping macOS metadata: __MACOSX/BusinessCommunication/story_content/video_5pDAmKDIYJF_48_960x540.hls/._stream_3.m3u8
Skipping macOS metadata: __MACOSX/BusinessCommunication/story_content/video_5pDAmKDIYJF_48_960x540.hls/._stream_2.m3u8
Skipping macOS metadata: __MACOSX/BusinessCommunication/story_content/video_5pDAmKDIYJF_48_960x540.hls/._stream_0data000002.ts
Skipping macOS metadata: __MACOSX/BusinessCommunication/story_content/video_5pDAmKDIYJF_48_960x540.hls/._stream_2data000001.ts
Skipping macOS metadata: __MACOSX/BusinessCommunication/story_content/video_5pDAmKDIYJF_48_960x540.hls/._stream_3data000004.ts
Skipping macOS metadata: __MACOSX/BusinessCommunication/story_content/video_5pDAmKDIYJF_48_960x540.hls/._stream_0data000006.ts
Skipping macOS metadata: __MACOSX/BusinessCommunication/story_content/video_5pDAmKDIYJF_48_960x540.hls/._stream_2data000005.ts
Skipping macOS metadata: __MACOSX/BusinessCommunication/story_content/video_5pDAmKDIYJF_48_960x540.hls/._stream_1data000003.ts
Skipping macOS metadata: __MACOSX/BusinessCommunication/story_content/video_5pDAmKDIYJF_48_960x540.hls/._stream_3data000000.ts
Skipping macOS metadata: __MACOSX/BusinessCommunication/story_content/video_5pDAmKDIYJF_48_960x540.hls/._stream_2data000004.ts
Skipping macOS metadata: __MACOSX/BusinessCommunication/story_content/video_5pDAmKDIYJF_48_960x540.hls/._stream_1data000002.ts
Skipping macOS metadata: __MACOSX/BusinessCommunication/story_content/video_5pDAmKDIYJF_48_960x540.hls/._stream_3data000001.ts
Skipping macOS metadata: __MACOSX/BusinessCommunication/story_content/video_5pDAmKDIYJF_48_960x540.hls/._stream_0data000003.ts
Skipping macOS metadata: __MACOSX/BusinessCommunication/story_content/video_5pDAmKDIYJF_48_960x540.hls/._stream_2data000000.ts
Skipping macOS metadata: __MACOSX/BusinessCommunication/story_content/video_5pDAmKDIYJF_48_960x540.hls/._stream_1data000006.ts
Skipping macOS metadata: __MACOSX/BusinessCommunication/story_content/video_5pDAmKDIYJF_48_960x540.hls/._stream_3data000005.ts
Skipping macOS metadata: __MACOSX/BusinessCommunication/story_content/video_5pDAmKDIYJF_48_960x540.hls/._stream_0data000004.ts
Skipping macOS metadata: __MACOSX/BusinessCommunication/story_content/video_5pDAmKDIYJF_48_960x540.hls/._stream_1data000001.ts
Skipping macOS metadata: __MACOSX/BusinessCommunication/story_content/video_5pDAmKDIYJF_48_960x540.hls/._stream_3data000002.ts
Skipping macOS metadata: __MACOSX/BusinessCommunication/story_content/video_5pDAmKDIYJF_48_960x540.hls/._stream_0data000000.ts
Skipping macOS metadata: __MACOSX/BusinessCommunication/story_content/video_5pDAmKDIYJF_48_960x540.hls/._stream_2data000003.ts
Skipping macOS metadata: __MACOSX/BusinessCommunication/story_content/video_5pDAmKDIYJF_48_960x540.hls/._stream_1data000005.ts
Skipping macOS metadata: __MACOSX/BusinessCommunication/story_content/video_5pDAmKDIYJF_48_960x540.hls/._stream_3data000006.ts
Skipping macOS metadata: __MACOSX/BusinessCommunication/story_content/video_5pDAmKDIYJF_48_960x540.hls/._stream_0data000001.ts
Skipping macOS metadata: __MACOSX/BusinessCommunication/story_content/video_5pDAmKDIYJF_48_960x540.hls/._stream_2data000002.ts
Skipping macOS metadata: __MACOSX/BusinessCommunication/story_content/video_5pDAmKDIYJF_48_960x540.hls/._stream_1data000004.ts
Skipping macOS metadata: __MACOSX/BusinessCommunication/story_content/video_5pDAmKDIYJF_48_960x540.hls/._stream_0data000005.ts
Skipping macOS metadata: __MACOSX/BusinessCommunication/story_content/video_5pDAmKDIYJF_48_960x540.hls/._stream_2data000006.ts
Skipping macOS metadata: __MACOSX/BusinessCommunication/story_content/video_5pDAmKDIYJF_48_960x540.hls/._stream_1data000000.ts
Skipping macOS metadata: __MACOSX/BusinessCommunication/story_content/video_5pDAmKDIYJF_48_960x540.hls/._stream_3data000003.ts
Skipping macOS metadata: __MACOSX/BusinessCommunication/story_content/video_5pDAmKDIYJF_48_960x540.hls/._stream_1.m3u8
Skipping macOS metadata: __MACOSX/BusinessCommunication/story_content/video_5pDAmKDIYJF_48_960x540.hls/._stream_0.m3u8
Skipping macOS metadata: __MACOSX/BusinessCommunication/story_content/video_5pDAmKDIYJF_48_960x540.hls/._main.m3u8
Skipping macOS metadata: __MACOSX/BusinessCommunication/story_content/video_6M5GbaRZAUr_48_960x540.hls/._stream_3.m3u8
Skipping macOS metadata: __MACOSX/BusinessCommunication/story_content/video_6M5GbaRZAUr_48_960x540.hls/._stream_2.m3u8
Skipping macOS metadata: __MACOSX/BusinessCommunication/story_content/video_6M5GbaRZAUr_48_960x540.hls/._stream_0data000002.ts
Skipping macOS metadata: __MACOSX/BusinessCommunication/story_content/video_6M5GbaRZAUr_48_960x540.hls/._stream_2data000001.ts
Skipping macOS metadata: __MACOSX/BusinessCommunication/story_content/video_6M5GbaRZAUr_48_960x540.hls/._stream_3data000004.ts
Skipping macOS metadata: __MACOSX/BusinessCommunication/story_content/video_6M5GbaRZAUr_48_960x540.hls/._stream_1data000003.ts
Skipping macOS metadata: __MACOSX/BusinessCommunication/story_content/video_6M5GbaRZAUr_48_960x540.hls/._stream_3data000000.ts
Skipping macOS metadata: __MACOSX/BusinessCommunication/story_content/video_6M5GbaRZAUr_48_960x540.hls/._stream_2data000004.ts
Skipping macOS metadata: __MACOSX/BusinessCommunication/story_content/video_6M5GbaRZAUr_48_960x540.hls/._stream_1data000002.ts
Skipping macOS metadata: __MACOSX/BusinessCommunication/story_content/video_6M5GbaRZAUr_48_960x540.hls/._stream_3data000001.ts
Skipping macOS metadata: __MACOSX/BusinessCommunication/story_content/video_6M5GbaRZAUr_48_960x540.hls/._stream_0data000003.ts
Skipping macOS metadata: __MACOSX/BusinessCommunication/story_content/video_6M5GbaRZAUr_48_960x540.hls/._stream_2data000000.ts
Skipping macOS metadata: __MACOSX/BusinessCommunication/story_content/video_6M5GbaRZAUr_48_960x540.hls/._stream_0data000004.ts
Skipping macOS metadata: __MACOSX/BusinessCommunication/story_content/video_6M5GbaRZAUr_48_960x540.hls/._stream_1data000001.ts
Skipping macOS metadata: __MACOSX/BusinessCommunication/story_content/video_6M5GbaRZAUr_48_960x540.hls/._stream_3data000002.ts
Skipping macOS metadata: __MACOSX/BusinessCommunication/story_content/video_6M5GbaRZAUr_48_960x540.hls/._stream_0data000000.ts
Skipping macOS metadata: __MACOSX/BusinessCommunication/story_content/video_6M5GbaRZAUr_48_960x540.hls/._stream_2data000003.ts
Skipping macOS metadata: __MACOSX/BusinessCommunication/story_content/video_6M5GbaRZAUr_48_960x540.hls/._stream_0data000001.ts
Skipping macOS metadata: __MACOSX/BusinessCommunication/story_content/video_6M5GbaRZAUr_48_960x540.hls/._stream_2data000002.ts
Skipping macOS metadata: __MACOSX/BusinessCommunication/story_content/video_6M5GbaRZAUr_48_960x540.hls/._stream_1data000004.ts
Skipping macOS metadata: __MACOSX/BusinessCommunication/story_content/video_6M5GbaRZAUr_48_960x540.hls/._stream_1data000000.ts
Skipping macOS metadata: __MACOSX/BusinessCommunication/story_content/video_6M5GbaRZAUr_48_960x540.hls/._stream_3data000003.ts
Skipping macOS metadata: __MACOSX/BusinessCommunication/story_content/video_6M5GbaRZAUr_48_960x540.hls/._stream_1.m3u8
Skipping macOS metadata: __MACOSX/BusinessCommunication/story_content/video_6M5GbaRZAUr_48_960x540.hls/._stream_0.m3u8
Skipping macOS metadata: __MACOSX/BusinessCommunication/story_content/video_6M5GbaRZAUr_48_960x540.hls/._main.m3u8
Skipping macOS metadata: __MACOSX/BusinessCommunication/story_content/video_6eZnyGbsPkg_48_960x540.hls/._stream_3.m3u8
Skipping macOS metadata: __MACOSX/BusinessCommunication/story_content/video_6eZnyGbsPkg_48_960x540.hls/._stream_0data000008.ts
Skipping macOS metadata: __MACOSX/BusinessCommunication/story_content/video_6eZnyGbsPkg_48_960x540.hls/._stream_1data000009.ts
Skipping macOS metadata: __MACOSX/BusinessCommunication/story_content/video_6eZnyGbsPkg_48_960x540.hls/._stream_1data000008.ts
Skipping macOS metadata: __MACOSX/BusinessCommunication/story_content/video_6eZnyGbsPkg_48_960x540.hls/._stream_0data000009.ts
Skipping macOS metadata: __MACOSX/BusinessCommunication/story_content/video_6eZnyGbsPkg_48_960x540.hls/._stream_2.m3u8
Skipping macOS metadata: __MACOSX/BusinessCommunication/story_content/video_6eZnyGbsPkg_48_960x540.hls/._stream_0data000002.ts
Skipping macOS metadata: __MACOSX/BusinessCommunication/story_content/video_6eZnyGbsPkg_48_960x540.hls/._stream_3data000014.ts
Skipping macOS metadata: __MACOSX/BusinessCommunication/story_content/video_6eZnyGbsPkg_48_960x540.hls/._stream_1data000017.ts
Skipping macOS metadata: __MACOSX/BusinessCommunication/story_content/video_6eZnyGbsPkg_48_960x540.hls/._stream_2data000001.ts
Skipping macOS metadata: __MACOSX/BusinessCommunication/story_content/video_6eZnyGbsPkg_48_960x540.hls/._stream_2data000011.ts
Skipping macOS metadata: __MACOSX/BusinessCommunication/story_content/video_6eZnyGbsPkg_48_960x540.hls/._stream_1data000007.ts
Skipping macOS metadata: __MACOSX/BusinessCommunication/story_content/video_6eZnyGbsPkg_48_960x540.hls/._stream_3data000004.ts
Skipping macOS metadata: __MACOSX/BusinessCommunication/story_content/video_6eZnyGbsPkg_48_960x540.hls/._stream_0data000012.ts
Skipping macOS metadata: __MACOSX/BusinessCommunication/story_content/video_6eZnyGbsPkg_48_960x540.hls/._stream_3data000010.ts
Skipping macOS metadata: __MACOSX/BusinessCommunication/story_content/video_6eZnyGbsPkg_48_960x540.hls/._stream_0data000006.ts
Skipping macOS metadata: __MACOSX/BusinessCommunication/story_content/video_6eZnyGbsPkg_48_960x540.hls/._stream_2data000005.ts
Skipping macOS metadata: __MACOSX/BusinessCommunication/story_content/video_6eZnyGbsPkg_48_960x540.hls/._stream_1data000013.ts
Skipping macOS metadata: __MACOSX/BusinessCommunication/story_content/video_6eZnyGbsPkg_48_960x540.hls/._stream_1data000003.ts
Skipping macOS metadata: __MACOSX/BusinessCommunication/story_content/video_6eZnyGbsPkg_48_960x540.hls/._stream_2data000015.ts
Skipping macOS metadata: __MACOSX/BusinessCommunication/story_content/video_6eZnyGbsPkg_48_960x540.hls/._stream_0data000016.ts
Skipping macOS metadata: __MACOSX/BusinessCommunication/story_content/video_6eZnyGbsPkg_48_960x540.hls/._stream_3data000000.ts
Skipping macOS metadata: __MACOSX/BusinessCommunication/story_content/video_6eZnyGbsPkg_48_960x540.hls/._stream_3data000011.ts
Skipping macOS metadata: __MACOSX/BusinessCommunication/story_content/video_6eZnyGbsPkg_48_960x540.hls/._stream_0data000007.ts
Skipping macOS metadata: __MACOSX/BusinessCommunication/story_content/video_6eZnyGbsPkg_48_960x540.hls/._stream_2data000004.ts
Skipping macOS metadata: __MACOSX/BusinessCommunication/story_content/video_6eZnyGbsPkg_48_960x540.hls/._stream_1data000012.ts
Skipping macOS metadata: __MACOSX/BusinessCommunication/story_content/video_6eZnyGbsPkg_48_960x540.hls/._stream_1data000002.ts
Skipping macOS metadata: __MACOSX/BusinessCommunication/story_content/video_6eZnyGbsPkg_48_960x540.hls/._stream_2data000014.ts
Skipping macOS metadata: __MACOSX/BusinessCommunication/story_content/video_6eZnyGbsPkg_48_960x540.hls/._stream_0data000017.ts
Skipping macOS metadata: __MACOSX/BusinessCommunication/story_content/video_6eZnyGbsPkg_48_960x540.hls/._stream_3data000001.ts
Skipping macOS metadata: __MACOSX/BusinessCommunication/story_content/video_6eZnyGbsPkg_48_960x540.hls/._stream_0data000003.ts
Skipping macOS metadata: __MACOSX/BusinessCommunication/story_content/video_6eZnyGbsPkg_48_960x540.hls/._stream_3data000015.ts
Skipping macOS metadata: __MACOSX/BusinessCommunication/story_content/video_6eZnyGbsPkg_48_960x540.hls/._stream_1data000016.ts
Skipping macOS metadata: __MACOSX/BusinessCommunication/story_content/video_6eZnyGbsPkg_48_960x540.hls/._stream_2data000000.ts
Skipping macOS metadata: __MACOSX/BusinessCommunication/story_content/video_6eZnyGbsPkg_48_960x540.hls/._stream_2data000010.ts
Skipping macOS metadata: __MACOSX/BusinessCommunication/story_content/video_6eZnyGbsPkg_48_960x540.hls/._stream_1data000006.ts
Skipping macOS metadata: __MACOSX/BusinessCommunication/story_content/video_6eZnyGbsPkg_48_960x540.hls/._stream_3data000005.ts
Skipping macOS metadata: __MACOSX/BusinessCommunication/story_content/video_6eZnyGbsPkg_48_960x540.hls/._stream_0data000013.ts
Skipping macOS metadata: __MACOSX/BusinessCommunication/story_content/video_6eZnyGbsPkg_48_960x540.hls/._stream_0data000004.ts
Skipping macOS metadata: __MACOSX/BusinessCommunication/story_content/video_6eZnyGbsPkg_48_960x540.hls/._stream_3data000012.ts
Skipping macOS metadata: __MACOSX/BusinessCommunication/story_content/video_6eZnyGbsPkg_48_960x540.hls/._stream_1data000011.ts
Skipping macOS metadata: __MACOSX/BusinessCommunication/story_content/video_6eZnyGbsPkg_48_960x540.hls/._stream_2data000007.ts
Skipping macOS metadata: __MACOSX/BusinessCommunication/story_content/video_6eZnyGbsPkg_48_960x540.hls/._stream_2data000017.ts
Skipping macOS metadata: __MACOSX/BusinessCommunication/story_content/video_6eZnyGbsPkg_48_960x540.hls/._stream_1data000001.ts
Skipping macOS metadata: __MACOSX/BusinessCommunication/story_content/video_6eZnyGbsPkg_48_960x540.hls/._stream_3data000002.ts
Skipping macOS metadata: __MACOSX/BusinessCommunication/story_content/video_6eZnyGbsPkg_48_960x540.hls/._stream_0data000014.ts
Skipping macOS metadata: __MACOSX/BusinessCommunication/story_content/video_6eZnyGbsPkg_48_960x540.hls/._stream_3data000016.ts
Skipping macOS metadata: __MACOSX/BusinessCommunication/story_content/video_6eZnyGbsPkg_48_960x540.hls/._stream_0data000000.ts
Skipping macOS metadata: __MACOSX/BusinessCommunication/story_content/video_6eZnyGbsPkg_48_960x540.hls/._stream_2data000003.ts
Skipping macOS metadata: __MACOSX/BusinessCommunication/story_content/video_6eZnyGbsPkg_48_960x540.hls/._stream_1data000015.ts
Skipping macOS metadata: __MACOSX/BusinessCommunication/story_content/video_6eZnyGbsPkg_48_960x540.hls/._stream_1data000005.ts
Skipping macOS metadata: __MACOSX/BusinessCommunication/story_content/video_6eZnyGbsPkg_48_960x540.hls/._stream_2data000013.ts
Skipping macOS metadata: __MACOSX/BusinessCommunication/story_content/video_6eZnyGbsPkg_48_960x540.hls/._stream_0data000010.ts
Skipping macOS metadata: __MACOSX/BusinessCommunication/story_content/video_6eZnyGbsPkg_48_960x540.hls/._stream_3data000006.ts
Skipping macOS metadata: __MACOSX/BusinessCommunication/story_content/video_6eZnyGbsPkg_48_960x540.hls/._stream_3data000017.ts
Skipping macOS metadata: __MACOSX/BusinessCommunication/story_content/video_6eZnyGbsPkg_48_960x540.hls/._stream_0data000001.ts
Skipping macOS metadata: __MACOSX/BusinessCommunication/story_content/video_6eZnyGbsPkg_48_960x540.hls/._stream_2data000002.ts
Skipping macOS metadata: __MACOSX/BusinessCommunication/story_content/video_6eZnyGbsPkg_48_960x540.hls/._stream_1data000014.ts
Skipping macOS metadata: __MACOSX/BusinessCommunication/story_content/video_6eZnyGbsPkg_48_960x540.hls/._stream_1data000004.ts
Skipping macOS metadata: __MACOSX/BusinessCommunication/story_content/video_6eZnyGbsPkg_48_960x540.hls/._stream_2data000012.ts
Skipping macOS metadata: __MACOSX/BusinessCommunication/story_content/video_6eZnyGbsPkg_48_960x540.hls/._stream_0data000011.ts
Skipping macOS metadata: __MACOSX/BusinessCommunication/story_content/video_6eZnyGbsPkg_48_960x540.hls/._stream_3data000007.ts
Skipping macOS metadata: __MACOSX/BusinessCommunication/story_content/video_6eZnyGbsPkg_48_960x540.hls/._stream_0data000005.ts
Skipping macOS metadata: __MACOSX/BusinessCommunication/story_content/video_6eZnyGbsPkg_48_960x540.hls/._stream_3data000013.ts
Skipping macOS metadata: __MACOSX/BusinessCommunication/story_content/video_6eZnyGbsPkg_48_960x540.hls/._stream_1data000010.ts
Skipping macOS metadata: __MACOSX/BusinessCommunication/story_content/video_6eZnyGbsPkg_48_960x540.hls/._stream_2data000006.ts
Skipping macOS metadata: __MACOSX/BusinessCommunication/story_content/video_6eZnyGbsPkg_48_960x540.hls/._stream_2data000016.ts
Skipping macOS metadata: __MACOSX/BusinessCommunication/story_content/video_6eZnyGbsPkg_48_960x540.hls/._stream_1data000000.ts
Skipping macOS metadata: __MACOSX/BusinessCommunication/story_content/video_6eZnyGbsPkg_48_960x540.hls/._stream_3data000003.ts
Skipping macOS metadata: __MACOSX/BusinessCommunication/story_content/video_6eZnyGbsPkg_48_960x540.hls/._stream_0data000015.ts
Skipping macOS metadata: __MACOSX/BusinessCommunication/story_content/video_6eZnyGbsPkg_48_960x540.hls/._stream_3data000008.ts
Skipping macOS metadata: __MACOSX/BusinessCommunication/story_content/video_6eZnyGbsPkg_48_960x540.hls/._stream_1.m3u8
Skipping macOS metadata: __MACOSX/BusinessCommunication/story_content/video_6eZnyGbsPkg_48_960x540.hls/._stream_2data000009.ts
Skipping macOS metadata: __MACOSX/BusinessCommunication/story_content/video_6eZnyGbsPkg_48_960x540.hls/._stream_2data000008.ts
Skipping macOS metadata: __MACOSX/BusinessCommunication/story_content/video_6eZnyGbsPkg_48_960x540.hls/._stream_0.m3u8
Skipping macOS metadata: __MACOSX/BusinessCommunication/story_content/video_6eZnyGbsPkg_48_960x540.hls/._main.m3u8
Skipping macOS metadata: __MACOSX/BusinessCommunication/story_content/video_6eZnyGbsPkg_48_960x540.hls/._stream_3data000009.ts
Skipping macOS metadata: __MACOSX/BusinessCommunication/story_content/video_5ocOhGQatO5_48_960x540.hls/._stream_3.m3u8
Skipping macOS metadata: __MACOSX/BusinessCommunication/story_content/video_5ocOhGQatO5_48_960x540.hls/._stream_0data000008.ts
Skipping macOS metadata: __MACOSX/BusinessCommunication/story_content/video_5ocOhGQatO5_48_960x540.hls/._stream_1data000009.ts
Skipping macOS metadata: __MACOSX/BusinessCommunication/story_content/video_5ocOhGQatO5_48_960x540.hls/._stream_1data000008.ts
Skipping macOS metadata: __MACOSX/BusinessCommunication/story_content/video_5ocOhGQatO5_48_960x540.hls/._stream_0data000009.ts
Skipping macOS metadata: __MACOSX/BusinessCommunication/story_content/video_5ocOhGQatO5_48_960x540.hls/._stream_2.m3u8
Skipping macOS metadata: __MACOSX/BusinessCommunication/story_content/video_5ocOhGQatO5_48_960x540.hls/._stream_0data000002.ts
Skipping macOS metadata: __MACOSX/BusinessCommunication/story_content/video_5ocOhGQatO5_48_960x540.hls/._stream_2data000001.ts
Skipping macOS metadata: __MACOSX/BusinessCommunication/story_content/video_5ocOhGQatO5_48_960x540.hls/._stream_2data000011.ts
Skipping macOS metadata: __MACOSX/BusinessCommunication/story_content/video_5ocOhGQatO5_48_960x540.hls/._stream_1data000007.ts
Skipping macOS metadata: __MACOSX/BusinessCommunication/story_content/video_5ocOhGQatO5_48_960x540.hls/._stream_3data000004.ts
Skipping macOS metadata: __MACOSX/BusinessCommunication/story_content/video_5ocOhGQatO5_48_960x540.hls/._stream_3data000010.ts
Skipping macOS metadata: __MACOSX/BusinessCommunication/story_content/video_5ocOhGQatO5_48_960x540.hls/._stream_0data000006.ts
Skipping macOS metadata: __MACOSX/BusinessCommunication/story_content/video_5ocOhGQatO5_48_960x540.hls/._stream_2data000005.ts
Skipping macOS metadata: __MACOSX/BusinessCommunication/story_content/video_5ocOhGQatO5_48_960x540.hls/._stream_1data000003.ts
Skipping macOS metadata: __MACOSX/BusinessCommunication/story_content/video_5ocOhGQatO5_48_960x540.hls/._stream_3data000000.ts
Skipping macOS metadata: __MACOSX/BusinessCommunication/story_content/video_5ocOhGQatO5_48_960x540.hls/._stream_3data000011.ts
Skipping macOS metadata: __MACOSX/BusinessCommunication/story_content/video_5ocOhGQatO5_48_960x540.hls/._stream_0data000007.ts
Skipping macOS metadata: __MACOSX/BusinessCommunication/story_content/video_5ocOhGQatO5_48_960x540.hls/._stream_2data000004.ts
Skipping macOS metadata: __MACOSX/BusinessCommunication/story_content/video_5ocOhGQatO5_48_960x540.hls/._stream_1data000002.ts
Skipping macOS metadata: __MACOSX/BusinessCommunication/story_content/video_5ocOhGQatO5_48_960x540.hls/._stream_3data000001.ts
Skipping macOS metadata: __MACOSX/BusinessCommunication/story_content/video_5ocOhGQatO5_48_960x540.hls/._stream_0data000003.ts
Skipping macOS metadata: __MACOSX/BusinessCommunication/story_content/video_5ocOhGQatO5_48_960x540.hls/._stream_2data000000.ts
Skipping macOS metadata: __MACOSX/BusinessCommunication/story_content/video_5ocOhGQatO5_48_960x540.hls/._stream_2data000010.ts
Skipping macOS metadata: __MACOSX/BusinessCommunication/story_content/video_5ocOhGQatO5_48_960x540.hls/._stream_1data000006.ts
Skipping macOS metadata: __MACOSX/BusinessCommunication/story_content/video_5ocOhGQatO5_48_960x540.hls/._stream_3data000005.ts
Skipping macOS metadata: __MACOSX/BusinessCommunication/story_content/video_5ocOhGQatO5_48_960x540.hls/._stream_0data000004.ts
Skipping macOS metadata: __MACOSX/BusinessCommunication/story_content/video_5ocOhGQatO5_48_960x540.hls/._stream_1data000011.ts
Skipping macOS metadata: __MACOSX/BusinessCommunication/story_content/video_5ocOhGQatO5_48_960x540.hls/._stream_2data000007.ts
Skipping macOS metadata: __MACOSX/BusinessCommunication/story_content/video_5ocOhGQatO5_48_960x540.hls/._stream_1data000001.ts
Skipping macOS metadata: __MACOSX/BusinessCommunication/story_content/video_5ocOhGQatO5_48_960x540.hls/._stream_3data000002.ts
Skipping macOS metadata: __MACOSX/BusinessCommunication/story_content/video_5ocOhGQatO5_48_960x540.hls/._stream_0data000000.ts
Skipping macOS metadata: __MACOSX/BusinessCommunication/story_content/video_5ocOhGQatO5_48_960x540.hls/._stream_2data000003.ts
Skipping macOS metadata: __MACOSX/BusinessCommunication/story_content/video_5ocOhGQatO5_48_960x540.hls/._stream_1data000005.ts
Skipping macOS metadata: __MACOSX/BusinessCommunication/story_content/video_5ocOhGQatO5_48_960x540.hls/._stream_0data000010.ts
Skipping macOS metadata: __MACOSX/BusinessCommunication/story_content/video_5ocOhGQatO5_48_960x540.hls/._stream_3data000006.ts
Skipping macOS metadata: __MACOSX/BusinessCommunication/story_content/video_5ocOhGQatO5_48_960x540.hls/._stream_0data000001.ts
Skipping macOS metadata: __MACOSX/BusinessCommunication/story_content/video_5ocOhGQatO5_48_960x540.hls/._stream_2data000002.ts
Skipping macOS metadata: __MACOSX/BusinessCommunication/story_content/video_5ocOhGQatO5_48_960x540.hls/._stream_1data000004.ts
Skipping macOS metadata: __MACOSX/BusinessCommunication/story_content/video_5ocOhGQatO5_48_960x540.hls/._stream_0data000011.ts
Skipping macOS metadata: __MACOSX/BusinessCommunication/story_content/video_5ocOhGQatO5_48_960x540.hls/._stream_3data000007.ts
Skipping macOS metadata: __MACOSX/BusinessCommunication/story_content/video_5ocOhGQatO5_48_960x540.hls/._stream_0data000005.ts
Skipping macOS metadata: __MACOSX/BusinessCommunication/story_content/video_5ocOhGQatO5_48_960x540.hls/._stream_1data000010.ts
Skipping macOS metadata: __MACOSX/BusinessCommunication/story_content/video_5ocOhGQatO5_48_960x540.hls/._stream_2data000006.ts
Skipping macOS metadata: __MACOSX/BusinessCommunication/story_content/video_5ocOhGQatO5_48_960x540.hls/._stream_1data000000.ts
Skipping macOS metadata: __MACOSX/BusinessCommunication/story_content/video_5ocOhGQatO5_48_960x540.hls/._stream_3data000003.ts
Skipping macOS metadata: __MACOSX/BusinessCommunication/story_content/video_5ocOhGQatO5_48_960x540.hls/._stream_3data000008.ts
Skipping macOS metadata: __MACOSX/BusinessCommunication/story_content/video_5ocOhGQatO5_48_960x540.hls/._stream_1.m3u8
Skipping macOS metadata: __MACOSX/BusinessCommunication/story_content/video_5ocOhGQatO5_48_960x540.hls/._stream_2data000009.ts
Skipping macOS metadata: __MACOSX/BusinessCommunication/story_content/video_5ocOhGQatO5_48_960x540.hls/._stream_2data000008.ts
Skipping macOS metadata: __MACOSX/BusinessCommunication/story_content/video_5ocOhGQatO5_48_960x540.hls/._stream_0.m3u8
Skipping macOS metadata: __MACOSX/BusinessCommunication/story_content/video_5ocOhGQatO5_48_960x540.hls/._main.m3u8
Skipping macOS metadata: __MACOSX/BusinessCommunication/story_content/video_5ocOhGQatO5_48_960x540.hls/._stream_3data000009.ts
Skipping macOS metadata: __MACOSX/BusinessCommunication/story_content/video_6HlARAcl0JK_48_1920x1080.hls/._stream_3.m3u8
Skipping macOS metadata: __MACOSX/BusinessCommunication/story_content/video_6HlARAcl0JK_48_1920x1080.hls/._stream_2.m3u8
Skipping macOS metadata: __MACOSX/BusinessCommunication/story_content/video_6HlARAcl0JK_48_1920x1080.hls/._stream_0data000002.ts
Skipping macOS metadata: __MACOSX/BusinessCommunication/story_content/video_6HlARAcl0JK_48_1920x1080.hls/._stream_2data000001.ts
Skipping macOS metadata: __MACOSX/BusinessCommunication/story_content/video_6HlARAcl0JK_48_1920x1080.hls/._stream_3data000004.ts
Skipping macOS metadata: __MACOSX/BusinessCommunication/story_content/video_6HlARAcl0JK_48_1920x1080.hls/._stream_1data000003.ts
Skipping macOS metadata: __MACOSX/BusinessCommunication/story_content/video_6HlARAcl0JK_48_1920x1080.hls/._stream_3data000000.ts
Skipping macOS metadata: __MACOSX/BusinessCommunication/story_content/video_6HlARAcl0JK_48_1920x1080.hls/._stream_2data000004.ts
Skipping macOS metadata: __MACOSX/BusinessCommunication/story_content/video_6HlARAcl0JK_48_1920x1080.hls/._stream_1data000002.ts
Skipping macOS metadata: __MACOSX/BusinessCommunication/story_content/video_6HlARAcl0JK_48_1920x1080.hls/._stream_3data000001.ts
Skipping macOS metadata: __MACOSX/BusinessCommunication/story_content/video_6HlARAcl0JK_48_1920x1080.hls/._stream_0data000003.ts
Skipping macOS metadata: __MACOSX/BusinessCommunication/story_content/video_6HlARAcl0JK_48_1920x1080.hls/._stream_2data000000.ts
Skipping macOS metadata: __MACOSX/BusinessCommunication/story_content/video_6HlARAcl0JK_48_1920x1080.hls/._stream_0data000004.ts
Skipping macOS metadata: __MACOSX/BusinessCommunication/story_content/video_6HlARAcl0JK_48_1920x1080.hls/._stream_1data000001.ts
Skipping macOS metadata: __MACOSX/BusinessCommunication/story_content/video_6HlARAcl0JK_48_1920x1080.hls/._stream_3data000002.ts
Skipping macOS metadata: __MACOSX/BusinessCommunication/story_content/video_6HlARAcl0JK_48_1920x1080.hls/._stream_0data000000.ts
Skipping macOS metadata: __MACOSX/BusinessCommunication/story_content/video_6HlARAcl0JK_48_1920x1080.hls/._stream_2data000003.ts
Skipping macOS metadata: __MACOSX/BusinessCommunication/story_content/video_6HlARAcl0JK_48_1920x1080.hls/._stream_0data000001.ts
Skipping macOS metadata: __MACOSX/BusinessCommunication/story_content/video_6HlARAcl0JK_48_1920x1080.hls/._stream_2data000002.ts
Skipping macOS metadata: __MACOSX/BusinessCommunication/story_content/video_6HlARAcl0JK_48_1920x1080.hls/._stream_1data000004.ts
Skipping macOS metadata: __MACOSX/BusinessCommunication/story_content/video_6HlARAcl0JK_48_1920x1080.hls/._stream_1data000000.ts
Skipping macOS metadata: __MACOSX/BusinessCommunication/story_content/video_6HlARAcl0JK_48_1920x1080.hls/._stream_3data000003.ts
Skipping macOS metadata: __MACOSX/BusinessCommunication/story_content/video_6HlARAcl0JK_48_1920x1080.hls/._stream_1.m3u8
Skipping macOS metadata: __MACOSX/BusinessCommunication/story_content/video_6HlARAcl0JK_48_1920x1080.hls/._stream_0.m3u8
Skipping macOS metadata: __MACOSX/BusinessCommunication/story_content/video_6HlARAcl0JK_48_1920x1080.hls/._main.m3u8
Skipping macOS metadata: __MACOSX/BusinessCommunication/story_content/video_63SaNyYe11n_48_1920x1080.hls/._stream_3.m3u8
Skipping macOS metadata: __MACOSX/BusinessCommunication/story_content/video_63SaNyYe11n_48_1920x1080.hls/._stream_2.m3u8
Skipping macOS metadata: __MACOSX/BusinessCommunication/story_content/video_63SaNyYe11n_48_1920x1080.hls/._stream_0data000002.ts
Skipping macOS metadata: __MACOSX/BusinessCommunication/story_content/video_63SaNyYe11n_48_1920x1080.hls/._stream_2data000001.ts
Skipping macOS metadata: __MACOSX/BusinessCommunication/story_content/video_63SaNyYe11n_48_1920x1080.hls/._stream_3data000004.ts
Skipping macOS metadata: __MACOSX/BusinessCommunication/story_content/video_63SaNyYe11n_48_1920x1080.hls/._stream_0data000006.ts
Skipping macOS metadata: __MACOSX/BusinessCommunication/story_content/video_63SaNyYe11n_48_1920x1080.hls/._stream_2data000005.ts
Skipping macOS metadata: __MACOSX/BusinessCommunication/story_content/video_63SaNyYe11n_48_1920x1080.hls/._stream_1data000003.ts
Skipping macOS metadata: __MACOSX/BusinessCommunication/story_content/video_63SaNyYe11n_48_1920x1080.hls/._stream_3data000000.ts
Skipping macOS metadata: __MACOSX/BusinessCommunication/story_content/video_63SaNyYe11n_48_1920x1080.hls/._stream_2data000004.ts
Skipping macOS metadata: __MACOSX/BusinessCommunication/story_content/video_63SaNyYe11n_48_1920x1080.hls/._stream_1data000002.ts
Skipping macOS metadata: __MACOSX/BusinessCommunication/story_content/video_63SaNyYe11n_48_1920x1080.hls/._stream_3data000001.ts
Skipping macOS metadata: __MACOSX/BusinessCommunication/story_content/video_63SaNyYe11n_48_1920x1080.hls/._stream_0data000003.ts
Skipping macOS metadata: __MACOSX/BusinessCommunication/story_content/video_63SaNyYe11n_48_1920x1080.hls/._stream_2data000000.ts
Skipping macOS metadata: __MACOSX/BusinessCommunication/story_content/video_63SaNyYe11n_48_1920x1080.hls/._stream_1data000006.ts
Skipping macOS metadata: __MACOSX/BusinessCommunication/story_content/video_63SaNyYe11n_48_1920x1080.hls/._stream_3data000005.ts
Skipping macOS metadata: __MACOSX/BusinessCommunication/story_content/video_63SaNyYe11n_48_1920x1080.hls/._stream_0data000004.ts
Skipping macOS metadata: __MACOSX/BusinessCommunication/story_content/video_63SaNyYe11n_48_1920x1080.hls/._stream_1data000001.ts
Skipping macOS metadata: __MACOSX/BusinessCommunication/story_content/video_63SaNyYe11n_48_1920x1080.hls/._stream_3data000002.ts
Skipping macOS metadata: __MACOSX/BusinessCommunication/story_content/video_63SaNyYe11n_48_1920x1080.hls/._stream_0data000000.ts
Skipping macOS metadata: __MACOSX/BusinessCommunication/story_content/video_63SaNyYe11n_48_1920x1080.hls/._stream_2data000003.ts
Skipping macOS metadata: __MACOSX/BusinessCommunication/story_content/video_63SaNyYe11n_48_1920x1080.hls/._stream_1data000005.ts
Skipping macOS metadata: __MACOSX/BusinessCommunication/story_content/video_63SaNyYe11n_48_1920x1080.hls/._stream_3data000006.ts
Skipping macOS metadata: __MACOSX/BusinessCommunication/story_content/video_63SaNyYe11n_48_1920x1080.hls/._stream_0data000001.ts
Skipping macOS metadata: __MACOSX/BusinessCommunication/story_content/video_63SaNyYe11n_48_1920x1080.hls/._stream_2data000002.ts
Skipping macOS metadata: __MACOSX/BusinessCommunication/story_content/video_63SaNyYe11n_48_1920x1080.hls/._stream_1data000004.ts
Skipping macOS metadata: __MACOSX/BusinessCommunication/story_content/video_63SaNyYe11n_48_1920x1080.hls/._stream_0data000005.ts
Skipping macOS metadata: __MACOSX/BusinessCommunication/story_content/video_63SaNyYe11n_48_1920x1080.hls/._stream_2data000006.ts
Skipping macOS metadata: __MACOSX/BusinessCommunication/story_content/video_63SaNyYe11n_48_1920x1080.hls/._stream_1data000000.ts
Skipping macOS metadata: __MACOSX/BusinessCommunication/story_content/video_63SaNyYe11n_48_1920x1080.hls/._stream_3data000003.ts
Skipping macOS metadata: __MACOSX/BusinessCommunication/story_content/video_63SaNyYe11n_48_1920x1080.hls/._stream_1.m3u8
Skipping macOS metadata: __MACOSX/BusinessCommunication/story_content/video_63SaNyYe11n_48_1920x1080.hls/._stream_0.m3u8
Skipping macOS metadata: __MACOSX/BusinessCommunication/story_content/video_63SaNyYe11n_48_1920x1080.hls/._main.m3u8
Skipping macOS metadata: __MACOSX/BusinessCommunication/story_content/video_5wUp7AcmyBj_48_960x540.hls/._stream_3.m3u8
Skipping macOS metadata: __MACOSX/BusinessCommunication/story_content/video_5wUp7AcmyBj_48_960x540.hls/._stream_2.m3u8
Skipping macOS metadata: __MACOSX/BusinessCommunication/story_content/video_5wUp7AcmyBj_48_960x540.hls/._stream_0data000002.ts
Skipping macOS metadata: __MACOSX/BusinessCommunication/story_content/video_5wUp7AcmyBj_48_960x540.hls/._stream_2data000001.ts
Skipping macOS metadata: __MACOSX/BusinessCommunication/story_content/video_5wUp7AcmyBj_48_960x540.hls/._stream_3data000004.ts
Skipping macOS metadata: __MACOSX/BusinessCommunication/story_content/video_5wUp7AcmyBj_48_960x540.hls/._stream_0data000006.ts
Skipping macOS metadata: __MACOSX/BusinessCommunication/story_content/video_5wUp7AcmyBj_48_960x540.hls/._stream_2data000005.ts
Skipping macOS metadata: __MACOSX/BusinessCommunication/story_content/video_5wUp7AcmyBj_48_960x540.hls/._stream_1data000003.ts
Skipping macOS metadata: __MACOSX/BusinessCommunication/story_content/video_5wUp7AcmyBj_48_960x540.hls/._stream_3data000000.ts
Skipping macOS metadata: __MACOSX/BusinessCommunication/story_content/video_5wUp7AcmyBj_48_960x540.hls/._stream_2data000004.ts
Skipping macOS metadata: __MACOSX/BusinessCommunication/story_content/video_5wUp7AcmyBj_48_960x540.hls/._stream_1data000002.ts
Skipping macOS metadata: __MACOSX/BusinessCommunication/story_content/video_5wUp7AcmyBj_48_960x540.hls/._stream_3data000001.ts
Skipping macOS metadata: __MACOSX/BusinessCommunication/story_content/video_5wUp7AcmyBj_48_960x540.hls/._stream_0data000003.ts
Skipping macOS metadata: __MACOSX/BusinessCommunication/story_content/video_5wUp7AcmyBj_48_960x540.hls/._stream_2data000000.ts
Skipping macOS metadata: __MACOSX/BusinessCommunication/story_content/video_5wUp7AcmyBj_48_960x540.hls/._stream_1data000006.ts
Skipping macOS metadata: __MACOSX/BusinessCommunication/story_content/video_5wUp7AcmyBj_48_960x540.hls/._stream_3data000005.ts
Skipping macOS metadata: __MACOSX/BusinessCommunication/story_content/video_5wUp7AcmyBj_48_960x540.hls/._stream_0data000004.ts
Skipping macOS metadata: __MACOSX/BusinessCommunication/story_content/video_5wUp7AcmyBj_48_960x540.hls/._stream_1data000001.ts
Skipping macOS metadata: __MACOSX/BusinessCommunication/story_content/video_5wUp7AcmyBj_48_960x540.hls/._stream_3data000002.ts
Skipping macOS metadata: __MACOSX/BusinessCommunication/story_content/video_5wUp7AcmyBj_48_960x540.hls/._stream_0data000000.ts
Skipping macOS metadata: __MACOSX/BusinessCommunication/story_content/video_5wUp7AcmyBj_48_960x540.hls/._stream_2data000003.ts
Skipping macOS metadata: __MACOSX/BusinessCommunication/story_content/video_5wUp7AcmyBj_48_960x540.hls/._stream_1data000005.ts
Skipping macOS metadata: __MACOSX/BusinessCommunication/story_content/video_5wUp7AcmyBj_48_960x540.hls/._stream_3data000006.ts
Skipping macOS metadata: __MACOSX/BusinessCommunication/story_content/video_5wUp7AcmyBj_48_960x540.hls/._stream_0data000001.ts
Skipping macOS metadata: __MACOSX/BusinessCommunication/story_content/video_5wUp7AcmyBj_48_960x540.hls/._stream_2data000002.ts
Skipping macOS metadata: __MACOSX/BusinessCommunication/story_content/video_5wUp7AcmyBj_48_960x540.hls/._stream_1data000004.ts
Skipping macOS metadata: __MACOSX/BusinessCommunication/story_content/video_5wUp7AcmyBj_48_960x540.hls/._stream_0data000005.ts
Skipping macOS metadata: __MACOSX/BusinessCommunication/story_content/video_5wUp7AcmyBj_48_960x540.hls/._stream_2data000006.ts
Skipping macOS metadata: __MACOSX/BusinessCommunication/story_content/video_5wUp7AcmyBj_48_960x540.hls/._stream_1data000000.ts
Skipping macOS metadata: __MACOSX/BusinessCommunication/story_content/video_5wUp7AcmyBj_48_960x540.hls/._stream_3data000003.ts
Skipping macOS metadata: __MACOSX/BusinessCommunication/story_content/video_5wUp7AcmyBj_48_960x540.hls/._stream_1.m3u8
Skipping macOS metadata: __MACOSX/BusinessCommunication/story_content/video_5wUp7AcmyBj_48_960x540.hls/._stream_0.m3u8
Skipping macOS metadata: __MACOSX/BusinessCommunication/story_content/video_5wUp7AcmyBj_48_960x540.hls/._main.m3u8
Skipping macOS metadata: __MACOSX/BusinessCommunication/story_content/video_5hRJTR5pRCG_48_960x540.hls/._stream_3.m3u8
Skipping macOS metadata: __MACOSX/BusinessCommunication/story_content/video_5hRJTR5pRCG_48_960x540.hls/._stream_2.m3u8
Skipping macOS metadata: __MACOSX/BusinessCommunication/story_content/video_5hRJTR5pRCG_48_960x540.hls/._stream_0data000002.ts
Skipping macOS metadata: __MACOSX/BusinessCommunication/story_content/video_5hRJTR5pRCG_48_960x540.hls/._stream_2data000001.ts
Skipping macOS metadata: __MACOSX/BusinessCommunication/story_content/video_5hRJTR5pRCG_48_960x540.hls/._stream_1data000007.ts
Skipping macOS metadata: __MACOSX/BusinessCommunication/story_content/video_5hRJTR5pRCG_48_960x540.hls/._stream_3data000004.ts
Skipping macOS metadata: __MACOSX/BusinessCommunication/story_content/video_5hRJTR5pRCG_48_960x540.hls/._stream_0data000006.ts
Skipping macOS metadata: __MACOSX/BusinessCommunication/story_content/video_5hRJTR5pRCG_48_960x540.hls/._stream_2data000005.ts
Skipping macOS metadata: __MACOSX/BusinessCommunication/story_content/video_5hRJTR5pRCG_48_960x540.hls/._stream_1data000003.ts
Skipping macOS metadata: __MACOSX/BusinessCommunication/story_content/video_5hRJTR5pRCG_48_960x540.hls/._stream_3data000000.ts
Skipping macOS metadata: __MACOSX/BusinessCommunication/story_content/video_5hRJTR5pRCG_48_960x540.hls/._stream_0data000007.ts
Skipping macOS metadata: __MACOSX/BusinessCommunication/story_content/video_5hRJTR5pRCG_48_960x540.hls/._stream_2data000004.ts
Skipping macOS metadata: __MACOSX/BusinessCommunication/story_content/video_5hRJTR5pRCG_48_960x540.hls/._stream_1data000002.ts
Skipping macOS metadata: __MACOSX/BusinessCommunication/story_content/video_5hRJTR5pRCG_48_960x540.hls/._stream_3data000001.ts
Skipping macOS metadata: __MACOSX/BusinessCommunication/story_content/video_5hRJTR5pRCG_48_960x540.hls/._stream_0data000003.ts
Skipping macOS metadata: __MACOSX/BusinessCommunication/story_content/video_5hRJTR5pRCG_48_960x540.hls/._stream_2data000000.ts
Skipping macOS metadata: __MACOSX/BusinessCommunication/story_content/video_5hRJTR5pRCG_48_960x540.hls/._stream_1data000006.ts
Skipping macOS metadata: __MACOSX/BusinessCommunication/story_content/video_5hRJTR5pRCG_48_960x540.hls/._stream_3data000005.ts
Skipping macOS metadata: __MACOSX/BusinessCommunication/story_content/video_5hRJTR5pRCG_48_960x540.hls/._stream_0data000004.ts
Skipping macOS metadata: __MACOSX/BusinessCommunication/story_content/video_5hRJTR5pRCG_48_960x540.hls/._stream_2data000007.ts
Skipping macOS metadata: __MACOSX/BusinessCommunication/story_content/video_5hRJTR5pRCG_48_960x540.hls/._stream_1data000001.ts
Skipping macOS metadata: __MACOSX/BusinessCommunication/story_content/video_5hRJTR5pRCG_48_960x540.hls/._stream_3data000002.ts
Skipping macOS metadata: __MACOSX/BusinessCommunication/story_content/video_5hRJTR5pRCG_48_960x540.hls/._stream_0data000000.ts
Skipping macOS metadata: __MACOSX/BusinessCommunication/story_content/video_5hRJTR5pRCG_48_960x540.hls/._stream_2data000003.ts
Skipping macOS metadata: __MACOSX/BusinessCommunication/story_content/video_5hRJTR5pRCG_48_960x540.hls/._stream_1data000005.ts
Skipping macOS metadata: __MACOSX/BusinessCommunication/story_content/video_5hRJTR5pRCG_48_960x540.hls/._stream_3data000006.ts
Skipping macOS metadata: __MACOSX/BusinessCommunication/story_content/video_5hRJTR5pRCG_48_960x540.hls/._stream_0data000001.ts
Skipping macOS metadata: __MACOSX/BusinessCommunication/story_content/video_5hRJTR5pRCG_48_960x540.hls/._stream_2data000002.ts
Skipping macOS metadata: __MACOSX/BusinessCommunication/story_content/video_5hRJTR5pRCG_48_960x540.hls/._stream_1data000004.ts
Skipping macOS metadata: __MACOSX/BusinessCommunication/story_content/video_5hRJTR5pRCG_48_960x540.hls/._stream_3data000007.ts
Skipping macOS metadata: __MACOSX/BusinessCommunication/story_content/video_5hRJTR5pRCG_48_960x540.hls/._stream_0data000005.ts
Skipping macOS metadata: __MACOSX/BusinessCommunication/story_content/video_5hRJTR5pRCG_48_960x540.hls/._stream_2data000006.ts
Skipping macOS metadata: __MACOSX/BusinessCommunication/story_content/video_5hRJTR5pRCG_48_960x540.hls/._stream_1data000000.ts
Skipping macOS metadata: __MACOSX/BusinessCommunication/story_content/video_5hRJTR5pRCG_48_960x540.hls/._stream_3data000003.ts
Skipping macOS metadata: __MACOSX/BusinessCommunication/story_content/video_5hRJTR5pRCG_48_960x540.hls/._stream_1.m3u8
Skipping macOS metadata: __MACOSX/BusinessCommunication/story_content/video_5hRJTR5pRCG_48_960x540.hls/._stream_0.m3u8
Skipping macOS metadata: __MACOSX/BusinessCommunication/story_content/video_5hRJTR5pRCG_48_960x540.hls/._main.m3u8
Skipping macOS metadata: __MACOSX/BusinessCommunication/html5/lib/._hls
Skipping macOS metadata: __MACOSX/BusinessCommunication/html5/lib/._scripts
Skipping macOS metadata: __MACOSX/BusinessCommunication/html5/lib/._stylesheets
Skipping macOS metadata: BusinessCommunication/html5/data/.DS_Store
Skipping macOS metadata: __MACOSX/BusinessCommunication/html5/data/._.DS_Store
Skipping macOS metadata: __MACOSX/BusinessCommunication/html5/data/._css
Skipping macOS metadata: __MACOSX/BusinessCommunication/html5/data/._js
Skipping macOS metadata: __MACOSX/BusinessCommunication/html5/lib/hls/._hls.min.js
Skipping macOS metadata: __MACOSX/BusinessCommunication/html5/lib/scripts/._slides.min.js
Skipping macOS metadata: __MACOSX/BusinessCommunication/html5/lib/scripts/._frame.mobile.min.js
Skipping macOS metadata: __MACOSX/BusinessCommunication/html5/lib/scripts/._bootstrapper.min.js
Skipping macOS metadata: __MACOSX/BusinessCommunication/html5/lib/scripts/._frame.desktop.min.js
Skipping macOS metadata: __MACOSX/BusinessCommunication/html5/lib/stylesheets/._mobile-fonts
Skipping macOS metadata: __MACOSX/BusinessCommunication/html5/lib/stylesheets/._mobile.min.css
Skipping macOS metadata: __MACOSX/BusinessCommunication/html5/lib/stylesheets/._desktop.min.css
Skipping macOS metadata: __MACOSX/BusinessCommunication/html5/data/css/._output.min.css
Skipping macOS metadata: __MACOSX/BusinessCommunication/html5/data/js/._6N6wWpvYGeF.js
Skipping macOS metadata: __MACOSX/BusinessCommunication/html5/data/js/._5fMpVaTXbbB.js
Skipping macOS metadata: __MACOSX/BusinessCommunication/html5/data/js/._62OKksux0gT.js
Skipping macOS metadata: __MACOSX/BusinessCommunication/html5/data/js/._6aIud9MAdDe.js
Skipping macOS metadata: __MACOSX/BusinessCommunication/html5/data/js/._paths.js
Skipping macOS metadata: __MACOSX/BusinessCommunication/html5/data/js/._5yDq6SjISK3.js
Skipping macOS metadata: __MACOSX/BusinessCommunication/html5/data/js/._5r601AMSL2h.js
Skipping macOS metadata: __MACOSX/BusinessCommunication/html5/data/js/._65SXPumphZ2.js
Skipping macOS metadata: __MACOSX/BusinessCommunication/html5/data/js/._data.js
Skipping macOS metadata: __MACOSX/BusinessCommunication/html5/data/js/._6PG7jwBaP4P.js
Skipping macOS metadata: __MACOSX/BusinessCommunication/html5/data/js/._6FYSOOsi4SF.js
Skipping macOS metadata: __MACOSX/BusinessCommunication/html5/data/js/._6fqJHLrSCVK.js
Skipping macOS metadata: __MACOSX/BusinessCommunication/html5/data/js/._5imhLjmNZfg.js
Skipping macOS metadata: __MACOSX/BusinessCommunication/html5/data/js/._5d7CpWlj0im.js
Skipping macOS metadata: __MACOSX/BusinessCommunication/html5/data/js/._5kucrJxBZTM.js
Skipping macOS metadata: __MACOSX/BusinessCommunication/html5/data/js/._6LI00GivZUr.js
Skipping macOS metadata: __MACOSX/BusinessCommunication/html5/data/js/._6oC3BqU6k7S.js
Skipping macOS metadata: __MACOSX/BusinessCommunication/html5/data/js/._5upwd3PzMuA.js
Skipping macOS metadata: __MACOSX/BusinessCommunication/html5/data/js/._5VOF2w02DG0.js
Skipping macOS metadata: __MACOSX/BusinessCommunication/html5/data/js/._frame.js
Skipping macOS metadata: __MACOSX/BusinessCommunication/html5/data/js/._67ZuopEwI66.js
Skipping macOS metadata: __MACOSX/BusinessCommunication/html5/lib/stylesheets/mobile-fonts/._open-sans-light.woff
Skipping macOS metadata: __MACOSX/BusinessCommunication/html5/lib/stylesheets/mobile-fonts/._open-sans-bold.woff
Skipping macOS metadata: __MACOSX/BusinessCommunication/html5/lib/stylesheets/mobile-fonts/._open-sans-regular.woff
Upload service - Extraction completed successfully. Extracted 1768 files
SCORM upload successful, folder: 1768816777858
updateCourse endpoint called with ID: 58 body: {
  "title": "Testing testing",
  "instructor": "Mkraft Academy",
  "shortDescription": "asdfghjklxcvbnm",
  "description": "xcvbnmdfghjkkjhgfcvbnmfoiduygfcweoijhbv cvbnmedujbd ",
  "languageId": 1,
  "categoryId": 6,
  "subCategoryId": 10,
  "level": "beginner",
  "courseDuration": "2 weeks",
  "metaKeywords": [
    "agcagca",
    "ambsk"
  ],
  "outcomes": [
    "smsbkbskbskbs",
    "sjsbkjbvsk"
  ],
  "requirements": [
    "sjs",
    "skjsbk"
  ],
  "faqs": [
    {
      "question": "sjhsvs",
      "answer": "jhvdjhdv"
    }
  ],
  "lessons": [],
  "batchIds": [
    1,
    2,
    3,
    4,
    5,
    6,
    7
  ],
  "availableToAllBatches": true
}
updateCourse called with ID: 58 data: {
  "title": "Testing testing",
  "instructor": "Mkraft Academy",
  "shortDescription": "asdfghjklxcvbnm",
  "description": "xcvbnmdfghjkkjhgfcvbnmfoiduygfcweoijhbv cvbnmedujbd ",
  "languageId": 1,
  "categoryId": 6,
  "subCategoryId": 10,
  "level": "beginner",
  "courseDuration": "2 weeks",
  "metaKeywords": [
    "agcagca",
    "ambsk"
  ],
  "outcomes": [
    "smsbkbskbskbs",
    "sjsbkjbvsk"
  ],
  "requirements": [
    "sjs",
    "skjsbk"
  ],
  "faqs": [
    {
      "question": "sjhsvs",
      "answer": "jhvdjhdv"
    }
  ],
  "lessons": [],
  "batchIds": [
    1,
    2,
    3,
    4,
    5,
    6,
    7
  ],
  "availableToAllBatches": true
}
Raw stored procedure results: {
  course: {
    id: 58,
    title: 'Testing testing',
    shortDescription: 'asdfghjklxcvbnm',
    description: 'xcvbnmdfghjkkjhgfcvbnmfoiduygfcweoijhbv cvbnmedujbd ',
    languageId: 1,
    languageName: 'English',
    categoryId: 6,
    categoryName: 'Maths',
    subCategoryId: 10,
    subCategoryName: 'Trignometric',
    level: 'beginner',
    courseDuration: '2 weeks',
    thumbnail: null,
    courseOverviewProvider: null,
    courseOverviewVideoUrl: null,
    metaKeywords: 'agcagca,ambsk',
    metaDescription: null,
    status: 'pending',
    isDeleted: 0,
    createdAt: 2026-01-19T08:35:45.000Z,
    updatedAt: 2026-01-19T10:00:03.000Z,
    creatorId: 'b4147cae-e2df-4bdb-9651-4569b100fb51',
    instructor_name: 'Mkraft Academy',
    instructor_dp: '1768028106815.png',
    instructor_about: null,
    instructorSocialLinks: null,
    instructorExpertise: null,
    learners: 0,
    averageRating: null
  },
  outcomes: 2,
  requirements: 2,
  faqs: 1,
  sectionsWithLessons: 3,
  skills: 0,
  ratings: 0,
  enrollments: 0
}
Processed course details: {
  sectionsCount: 1,
  lessonsCount: 3,
  iltsCount: 0,
  enrollmentsCount: 0,
  ratingsCount: 0
}
Course update result: {
  success: true,
  data: {
    courseId: '58',
    sections: [ [Object] ],
    lessons: [ [Object], [Object], [Object] ]
  }
}
Available to all batches: Assigning 7 batches to course 58
Batch assignment updated for course 58
Upload file filter - File: 343444a22e5dd150182790d4095a5f1491c88a8d.png Size: undefined Type: image/png
Mapping lesson: {
  id: undefined,
  title: 'pdf',
  contentType: undefined,
  documentUrl: undefined,
  videoUrl: undefined,
  scormUrl: undefined,
  externalUrl: undefined
}
Mapped contentUrl: 
Mapping lesson: {
  id: undefined,
  title: 'clip',
  contentType: undefined,
  documentUrl: undefined,
  videoUrl: undefined,
  scormUrl: undefined,
  externalUrl: undefined
}
Mapped contentUrl: 
Mapping lesson: {
  id: undefined,
  title: 'scorm lesson',
  contentType: undefined,
  documentUrl: undefined,
  videoUrl: undefined,
  scormUrl: undefined,
  externalUrl: undefined
}
Mapped contentUrl: 
Mapping lesson: {
  id: undefined,
  title: 'pdf',
  contentType: undefined,
  documentUrl: undefined,
  videoUrl: undefined,
  scormUrl: undefined,
  externalUrl: undefined
}
Mapped contentUrl: 
Mapping lesson: {
  id: undefined,
  title: 'clip',
  contentType: undefined,
  documentUrl: undefined,
  videoUrl: undefined,
  scormUrl: undefined,
  externalUrl: undefined
}
Mapped contentUrl: 
Mapping lesson: {
  id: undefined,
  title: 'scorm lesson',
  contentType: undefined,
  documentUrl: undefined,
  videoUrl: undefined,
  scormUrl: undefined,
  externalUrl: undefined
}
Mapped contentUrl: 
Refreshing token...
Mapping lesson: {
  id: undefined,
  title: 'pdf',
  contentType: undefined,
  documentUrl: undefined,
  videoUrl: undefined,
  scormUrl: undefined,
  externalUrl: undefined
}
Mapped contentUrl: 
Mapping lesson: {
  id: undefined,
  title: 'clip',
  contentType: undefined,
  documentUrl: undefined,
  videoUrl: undefined,
  scormUrl: undefined,
  externalUrl: undefined
}
Mapped contentUrl: 
Mapping lesson: {
  id: undefined,
  title: 'scorm lesson',
  contentType: undefined,
  documentUrl: undefined,
  videoUrl: undefined,
  scormUrl: undefined,
  externalUrl: undefined
}
Mapped contentUrl: 
Mapping lesson: {
  id: undefined,
  title: 'pdf',
  contentType: undefined,
  documentUrl: undefined,
  videoUrl: undefined,
  scormUrl: undefined,
  externalUrl: undefined
}
Mapped contentUrl: 
Mapping lesson: {
  id: undefined,
  title: 'clip',
  contentType: undefined,
  documentUrl: undefined,
  videoUrl: undefined,
  scormUrl: undefined,
  externalUrl: undefined
}
Mapped contentUrl: 
Mapping lesson: {
  id: undefined,
  title: 'scorm lesson',
  contentType: undefined,
  documentUrl: undefined,
  videoUrl: undefined,
  scormUrl: undefined,
  externalUrl: undefined
}
Mapped contentUrl: 
📊 Active connections: 0 users, 0 sockets
Mapping lesson: {
  id: undefined,
  title: 'Introduction',
  contentType: undefined,
  documentUrl: undefined,
  videoUrl: undefined,
  scormUrl: undefined,
  externalUrl: undefined
}
Mapped contentUrl: 
Mapping lesson: {
  id: undefined,
  title: 'What is Digital Marketing?',
  contentType: undefined,
  documentUrl: undefined,
  videoUrl: undefined,
  scormUrl: undefined,
  externalUrl: undefined
}
Mapped contentUrl: 
Mapping lesson: {
  id: undefined,
  title: 'Key Channels Overview',
  contentType: undefined,
  documentUrl: undefined,
  videoUrl: undefined,
  scormUrl: undefined,
  externalUrl: undefined
}
Mapped contentUrl: 
Mapping lesson: {
  id: undefined,
  title: 'Understanding the Audience',
  contentType: undefined,
  documentUrl: undefined,
  videoUrl: undefined,
  scormUrl: undefined,
  externalUrl: undefined
}
Mapped contentUrl: 
Mapping lesson: {
  id: undefined,
  title: 'Digital Marketing Strategy',
  contentType: undefined,
  documentUrl: undefined,
  videoUrl: undefined,
  scormUrl: undefined,
  externalUrl: undefined
}
Mapped contentUrl: 
Mapping lesson: {
  id: undefined,
  title: 'Final Assessment & Wrap-Up',
  contentType: undefined,
  documentUrl: undefined,
  videoUrl: undefined,
  scormUrl: undefined,
  externalUrl: undefined
}
Mapped contentUrl: 
Mapping lesson: {
  id: undefined,
  title: 'Introduction',
  contentType: undefined,
  documentUrl: undefined,
  videoUrl: undefined,
  scormUrl: undefined,
  externalUrl: undefined
}
Mapped contentUrl: 
Mapping lesson: {
  id: undefined,
  title: 'What is Digital Marketing?',
  contentType: undefined,
  documentUrl: undefined,
  videoUrl: undefined,
  scormUrl: undefined,
  externalUrl: undefined
}
Mapped contentUrl: 
Mapping lesson: {
  id: undefined,
  title: 'Key Channels Overview',
  contentType: undefined,
  documentUrl: undefined,
  videoUrl: undefined,
  scormUrl: undefined,
  externalUrl: undefined
}
Mapped contentUrl: 
Mapping lesson: {
  id: undefined,
  title: 'Understanding the Audience',
  contentType: undefined,
  documentUrl: undefined,
  videoUrl: undefined,
  scormUrl: undefined,
  externalUrl: undefined
}
Mapped contentUrl: 
Mapping lesson: {
  id: undefined,
  title: 'Digital Marketing Strategy',
  contentType: undefined,
  documentUrl: undefined,
  videoUrl: undefined,
  scormUrl: undefined,
  externalUrl: undefined
}
Mapped contentUrl: 
Mapping lesson: {
  id: undefined,
  title: 'Final Assessment & Wrap-Up',
  contentType: undefined,
  documentUrl: undefined,
  videoUrl: undefined,
  scormUrl: undefined,
  externalUrl: undefined
}
Mapped contentUrl: 
📊 Dashboard getStats called with instructorId: b4147cae-e2df-4bdb-9651-4569b100fb51
  ├─ Total Students (Platform): 410
  ├─ Active Courses: 4
  ├─ Pending Reviews: 0
  └─ Total Enrollments: 62
📊 Dashboard getStats called with instructorId: b4147cae-e2df-4bdb-9651-4569b100fb51
  ├─ Total Students (Platform): 410
  ├─ Active Courses: 4
  ├─ Pending Reviews: 0
  └─ Total Enrollments: 62
📊 Active connections: 0 users, 0 sockets
📊 Active connections: 0 users, 0 sockets
Mapping lesson: {
  id: undefined,
  title: 'pdf',
  contentType: undefined,
  documentUrl: undefined,
  videoUrl: undefined,
  scormUrl: undefined,
  externalUrl: undefined
}
Mapped contentUrl: 
Mapping lesson: {
  id: undefined,
  title: 'clip',
  contentType: undefined,
  documentUrl: undefined,
  videoUrl: undefined,
  scormUrl: undefined,
  externalUrl: undefined
}
Mapped contentUrl: 
Mapping lesson: {
  id: undefined,
  title: 'scorm lesson',
  contentType: undefined,
  documentUrl: undefined,
  videoUrl: undefined,
  scormUrl: undefined,
  externalUrl: undefined
}
Mapped contentUrl: 
Mapping lesson: {
  id: undefined,
  title: 'pdf',
  contentType: undefined,
  documentUrl: undefined,
  videoUrl: undefined,
  scormUrl: undefined,
  externalUrl: undefined
}
Mapped contentUrl: 
Mapping lesson: {
  id: undefined,
  title: 'clip',
  contentType: undefined,
  documentUrl: undefined,
  videoUrl: undefined,
  scormUrl: undefined,
  externalUrl: undefined
}
Mapped contentUrl: 
Mapping lesson: {
  id: undefined,
  title: 'scorm lesson',
  contentType: undefined,
  documentUrl: undefined,
  videoUrl: undefined,
  scormUrl: undefined,
  externalUrl: undefined
}
Mapped contentUrl: 
Mapping lesson: {
  id: undefined,
  title: 'pdf',
  contentType: undefined,
  documentUrl: undefined,
  videoUrl: undefined,
  scormUrl: undefined,
  externalUrl: undefined
}
Mapped contentUrl: 
Mapping lesson: {
  id: undefined,
  title: 'clip',
  contentType: undefined,
  documentUrl: undefined,
  videoUrl: undefined,
  scormUrl: undefined,
  externalUrl: undefined
}
Mapped contentUrl: 
Mapping lesson: {
  id: undefined,
  title: 'scorm lesson',
  contentType: undefined,
  documentUrl: undefined,
  videoUrl: undefined,
  scormUrl: undefined,
  externalUrl: undefined
}
Mapped contentUrl: 
Mapping lesson: {
  id: undefined,
  title: 'pdf',
  contentType: undefined,
  documentUrl: undefined,
  videoUrl: undefined,
  scormUrl: undefined,
  externalUrl: undefined
}
Mapped contentUrl: 
Mapping lesson: {
  id: undefined,
  title: 'clip',
  contentType: undefined,
  documentUrl: undefined,
  videoUrl: undefined,
  scormUrl: undefined,
  externalUrl: undefined
}
Mapped contentUrl: 
Mapping lesson: {
  id: undefined,
  title: 'scorm lesson',
  contentType: undefined,
  documentUrl: undefined,
  videoUrl: undefined,
  scormUrl: undefined,
  externalUrl: undefined
}
Mapped contentUrl: 
Mapping lesson: {
  id: undefined,
  title: 'pdf',
  contentType: undefined,
  documentUrl: undefined,
  videoUrl: undefined,
  scormUrl: undefined,
  externalUrl: undefined
}
Mapped contentUrl: 
Mapping lesson: {
  id: undefined,
  title: 'clip',
  contentType: undefined,
  documentUrl: undefined,
  videoUrl: undefined,
  scormUrl: undefined,
  externalUrl: undefined
}
Mapped contentUrl: 
Mapping lesson: {
  id: undefined,
  title: 'scorm lesson',
  contentType: undefined,
  documentUrl: undefined,
  videoUrl: undefined,
  scormUrl: undefined,
  externalUrl: undefined
}
Mapped contentUrl: 
Mapping lesson: {
  id: undefined,
  title: 'pdf',
  contentType: undefined,
  documentUrl: undefined,
  videoUrl: undefined,
  scormUrl: undefined,
  externalUrl: undefined
}
Mapped contentUrl: 
Mapping lesson: {
  id: undefined,
  title: 'clip',
  contentType: undefined,
  documentUrl: undefined,
  videoUrl: undefined,
  scormUrl: undefined,
  externalUrl: undefined
}
Mapped contentUrl: 
Mapping lesson: {
  id: undefined,
  title: 'scorm lesson',
  contentType: undefined,
  documentUrl: undefined,
  videoUrl: undefined,
  scormUrl: undefined,
  externalUrl: undefined
}
Mapped contentUrl: 
Mapping lesson: {
  id: undefined,
  title: 'pdf',
  contentType: undefined,
  documentUrl: undefined,
  videoUrl: undefined,
  scormUrl: undefined,
  externalUrl: undefined
}
Mapped contentUrl: 
Mapping lesson: {
  id: undefined,
  title: 'clip',
  contentType: undefined,
  documentUrl: undefined,
  videoUrl: undefined,
  scormUrl: undefined,
  externalUrl: undefined
}
Mapped contentUrl: 
Mapping lesson: {
  id: undefined,
  title: 'scorm lesson',
  contentType: undefined,
  documentUrl: undefined,
  videoUrl: undefined,
  scormUrl: undefined,
  externalUrl: undefined
}
Mapped contentUrl: 
Mapping lesson: {
  id: undefined,
  title: 'pdf',
  contentType: undefined,
  documentUrl: undefined,
  videoUrl: undefined,
  scormUrl: undefined,
  externalUrl: undefined
}
Mapped contentUrl: 
Mapping lesson: {
  id: undefined,
  title: 'clip',
  contentType: undefined,
  documentUrl: undefined,
  videoUrl: undefined,
  scormUrl: undefined,
  externalUrl: undefined
}
Mapped contentUrl: 
Mapping lesson: {
  id: undefined,
  title: 'scorm lesson',
  contentType: undefined,
  documentUrl: undefined,
  videoUrl: undefined,
  scormUrl: undefined,
  externalUrl: undefined
}
Mapped contentUrl: 
Mapping lesson: {
  id: undefined,
  title: 'pdf',
  contentType: undefined,
  documentUrl: undefined,
  videoUrl: undefined,
  scormUrl: undefined,
  externalUrl: undefined
}
Mapped contentUrl: 
Mapping lesson: {
  id: undefined,
  title: 'clip',
  contentType: undefined,
  documentUrl: undefined,
  videoUrl: undefined,
  scormUrl: undefined,
  externalUrl: undefined
}
Mapped contentUrl: 
Mapping lesson: {
  id: undefined,
  title: 'scorm lesson',
  contentType: undefined,
  documentUrl: undefined,
  videoUrl: undefined,
  scormUrl: undefined,
  externalUrl: undefined
}
Mapped contentUrl: 
Mapping lesson: {
  id: undefined,
  title: 'pdf',
  contentType: undefined,
  documentUrl: undefined,
  videoUrl: undefined,
  scormUrl: undefined,
  externalUrl: undefined
}
Mapped contentUrl: 
Mapping lesson: {
  id: undefined,
  title: 'clip',
  contentType: undefined,
  documentUrl: undefined,
  videoUrl: undefined,
  scormUrl: undefined,
  externalUrl: undefined
}
Mapped contentUrl: 
Mapping lesson: {
  id: undefined,
  title: 'scorm lesson',
  contentType: undefined,
  documentUrl: undefined,
  videoUrl: undefined,
  scormUrl: undefined,
  externalUrl: undefined
}
Mapped contentUrl: 
📊 Active connections: 0 users, 0 sockets
Mapping lesson: {
  id: undefined,
  title: 'pdf',
  contentType: undefined,
  documentUrl: undefined,
  videoUrl: undefined,
  scormUrl: undefined,
  externalUrl: undefined
}
Mapped contentUrl: 
Mapping lesson: {
  id: undefined,
  title: 'clip',
  contentType: undefined,
  documentUrl: undefined,
  videoUrl: undefined,
  scormUrl: undefined,
  externalUrl: undefined
}
Mapped contentUrl: 
Mapping lesson: {
  id: undefined,
  title: 'scorm lesson',
  contentType: undefined,
  documentUrl: undefined,
  videoUrl: undefined,
  scormUrl: undefined,
  externalUrl: undefined
}
Mapped contentUrl: 
Mapping lesson: {
  id: undefined,
  title: 'pdf',
  contentType: undefined,
  documentUrl: undefined,
  videoUrl: undefined,
  scormUrl: undefined,
  externalUrl: undefined
}
Mapped contentUrl: 
Mapping lesson: {
  id: undefined,
  title: 'clip',
  contentType: undefined,
  documentUrl: undefined,
  videoUrl: undefined,
  scormUrl: undefined,
  externalUrl: undefined
}
Mapped contentUrl: 
Mapping lesson: {
  id: undefined,
  title: 'scorm lesson',
  contentType: undefined,
  documentUrl: undefined,
  videoUrl: undefined,
  scormUrl: undefined,
  externalUrl: undefined
}
Mapped contentUrl: 

SIGTERM received: shutting down gracefully...
📧 Event reminder scheduler stopped
Database pool closed
Server closed
